Input,Expected Output
27 * 29,783
96 + 15,111
28 - 95,-67
78 + 32,110
64 - 75,-11
47 / 38,1.24
50 / 95,0.53
57 - 39,18
46 + 39,85
1 - 58,-57
65 + 86,151
26 * 41,1066
51 / 98,0.52
56 / 22,2.55
17 / 87,0.2
81 / 3,27.0
30 / 64,0.47
42 - 50,-8
76 * 57,4332
92 - 75,17
24 * 87,2088
35 - 92,-57
71 / 43,1.65
19 * 21,399
61 * 40,2440
66 / 40,1.65
47 - 91,-44
66 * 60,3960
52 - 48,4
42 / 74,0.57
69 * 96,6624
99 - 44,55
90 / 13,6.92
45 * 30,1350
39 - 98,-59
72 * 64,4608
54 - 92,-38
5 * 3,15
62 / 8,7.75
3 + 44,47
41 + 18,59
33 * 11,363
14 * 26,364
15 / 93,0.16
15 + 52,67
75 - 85,-10
82 - 19,63
79 * 32,2528
39 - 52,-13
28 * 53,1484
21 / 81,0.26
65 * 42,2730
25 + 67,92
80 + 45,125
76 - 93,-17
45 * 56,2520
54 + 91,145
67 + 55,122
7 * 61,427
39 / 90,0.43
8 - 88,-80
88 / 1,88.0
76 * 88,6688
96 + 3,99
55 + 32,87
10 + 6,16
74 / 38,1.95
11 - 84,-73
70 - 3,67
16 * 36,576
3 + 18,21
38 / 67,0.57
94 / 36,2.61
19 * 55,1045
23 / 25,0.92
21 / 28,0.75
75 + 79,154
59 * 18,1062
51 + 49,100
9 - 15,-6
91 - 2,89
1 / 21,0.05
20 * 32,640
97 - 30,67
77 / 8,9.62
95 * 66,6270
42 - 1,41
47 + 23,70
62 + 7,69
93 * 28,2604
59 + 56,115
80 * 1,80
83 * 94,7802
40 * 34,1360
52 + 22,74
25 - 22,3
73 - 75,-2
27 - 81,-54
49 + 6,55
8 - 78,-70
2 * 94,188
81 * 22,1782
53 * 74,3922
98 + 37,135
37 + 40,77
85 + 30,115
58 * 19,1102
17 + 36,53
47 / 36,1.31
13 - 46,-33
58 - 24,34
99 + 31,130
25 + 34,59
82 + 18,100
49 / 76,0.64
31 / 56,0.55
15 * 47,705
33 * 91,3003
34 + 50,84
40 / 68,0.59
54 / 30,1.8
96 + 82,178
85 - 67,18
14 + 66,80
72 * 38,2736
26 * 59,1534
95 / 43,2.21
81 * 86,6966
9 * 21,189
77 / 20,3.85
45 - 7,38
51 + 52,103
15 / 50,0.3
54 + 35,89
23 * 73,1679
30 + 44,74
7 + 78,85
21 + 63,84
99 + 80,179
16 + 72,88
31 * 35,1085
69 + 99,168
67 + 41,108
56 + 85,141
63 - 34,29
68 / 67,1.01
65 - 39,26
65 * 74,4810
34 + 73,107
86 * 27,2322
48 / 57,0.84
69 / 20,3.45
48 / 6,8.0
14 - 31,-17
63 * 41,2583
77 * 4,308
42 + 81,123
40 * 31,1240
15 / 49,0.31
78 - 75,3
84 / 45,1.87
61 / 11,5.55
64 / 2,32.0
64 / 56,1.14
64 + 46,110
7 - 97,-90
83 - 36,47
69 - 4,65
81 + 32,113
93 / 99,0.94
5 / 88,0.06
61 - 38,23
9 / 63,0.14
50 + 86,136
78 / 53,1.47
2 * 19,38
28 * 27,756
52 / 71,0.73
5 * 42,210
71 - 16,55
48 + 96,144
4 + 41,45
7 - 30,-23
58 + 5,63
56 / 39,1.44
38 / 42,0.9
92 / 69,1.33
81 - 79,2
37 / 69,0.54
94 / 39,2.41
71 * 9,639
38 - 7,31
75 * 63,4725
40 + 45,85
63 / 68,0.93
58 - 48,10
26 * 69,1794
9 / 22,0.41
15 - 69,-54
80 - 47,33
81 * 21,1701
27 * 87,2349
53 - 48,5
12 * 32,384
77 * 65,5005
45 / 63,0.71
20 * 84,1680
46 + 10,56
98 / 55,1.78
81 + 56,137
10 - 65,-55
7 - 13,-6
59 - 90,-31
64 - 73,-9
86 + 86,172
41 - 59,-18
79 + 38,117
84 * 8,672
97 * 33,3201
3 + 73,76
97 * 69,6693
3 / 77,0.04
87 / 70,1.24
48 / 64,0.75
15 * 46,690
14 * 56,784
38 - 95,-57
86 - 6,80
88 * 98,8624
71 + 8,79
8 + 38,46
3 - 49,-46
6 - 23,-17
69 * 46,3174
60 * 86,5160
75 / 18,4.17
39 - 48,-9
52 + 37,89
91 / 92,0.99
56 * 17,952
62 * 11,682
48 / 24,2.0
74 * 21,1554
24 + 74,98
26 + 18,44
12 - 91,-79
34 * 92,3128
35 * 61,2135
88 + 94,182
44 / 77,0.57
95 * 49,4655
97 / 83,1.17
90 + 68,158
31 * 47,1457
55 / 27,2.04
99 / 28,3.54
48 - 6,42
99 + 97,196
54 * 54,2916
53 * 80,4240
41 + 3,44
67 * 83,5561
25 / 16,1.56
44 / 94,0.47
97 * 94,9118
70 + 11,81
2 - 10,-8
84 - 43,41
32 / 42,0.76
75 + 44,119
73 / 22,3.32
73 / 33,2.21
7 - 97,-90
41 - 15,26
64 - 62,2
89 + 41,130
5 * 35,175
77 + 76,153
82 * 59,4838
64 + 50,114
76 - 83,-7
36 + 80,116
80 / 46,1.74
34 * 60,2040
82 - 7,75
42 / 48,0.88
47 - 4,43
74 + 66,140
28 - 97,-69
29 + 96,125
15 + 58,73
74 * 31,2294
41 + 50,91
6 - 28,-22
99 + 43,142
8 - 46,-38
10 / 45,0.22
38 - 81,-43
98 * 30,2940
46 + 66,112
59 - 61,-2
91 + 36,127
39 - 45,-6
61 - 12,49
97 + 18,115
24 / 25,0.96
26 / 97,0.27
79 + 55,134
59 * 92,5428
20 / 55,0.36
86 - 55,31
34 + 95,129
15 - 43,-28
15 / 38,0.39
29 / 18,1.61
91 * 35,3185
43 + 81,124
67 * 55,3685
47 + 66,113
18 + 78,96
43 / 73,0.59
56 - 96,-40
60 + 51,111
77 * 65,5005
5 * 13,65
74 + 13,87
53 + 27,80
68 * 57,3876
70 / 96,0.73
25 * 25,625
89 * 61,5429
26 + 54,80
3 / 92,0.03
14 + 74,88
36 * 77,2772
12 / 24,0.5
92 - 57,35
68 / 35,1.94
79 - 22,57
69 * 4,276
4 - 64,-60
25 + 45,70
37 + 89,126
70 + 23,93
3 + 76,79
44 + 65,109
14 - 56,-42
82 + 84,166
15 + 78,93
22 + 76,98
55 * 27,1485
72 / 84,0.86
20 * 3,60
38 * 58,2204
40 / 11,3.64
1 * 64,64
3 + 51,54
22 - 73,-51
67 / 20,3.35
84 / 58,1.45
15 * 97,1455
60 + 67,127
49 - 25,24
96 * 18,1728
41 / 31,1.32
54 + 57,111
42 + 24,66
20 * 79,1580
1 / 70,0.01
56 - 44,12
88 - 13,75
53 + 95,148
25 - 82,-57
3 * 50,150
57 / 71,0.8
47 / 33,1.42
86 / 39,2.21
29 + 28,57
44 + 10,54
52 - 76,-24
27 - 24,3
64 + 3,67
77 + 73,150
7 * 71,497
19 + 56,75
26 - 27,-1
90 + 23,113
77 / 48,1.6
61 - 13,48
3 / 40,0.07
2 - 10,-8
39 / 72,0.54
60 - 8,52
41 * 62,2542
10 * 96,960
1 / 27,0.04
91 + 93,184
25 / 32,0.78
76 - 53,23
4 * 1,4
43 / 62,0.69
50 / 4,12.5
12 * 63,756
45 * 20,900
49 / 73,0.67
94 / 47,2.0
61 + 18,79
66 + 11,77
19 / 30,0.63
35 / 60,0.58
9 - 58,-49
38 + 80,118
46 / 68,0.68
86 / 81,1.06
46 / 57,0.81
75 * 10,750
97 / 29,3.34
70 * 36,2520
43 - 96,-53
52 + 74,126
91 * 11,1001
44 - 97,-53
55 / 53,1.04
49 + 32,81
35 * 4,140
84 * 65,5460
73 / 83,0.88
16 / 64,0.25
74 / 81,0.91
8 + 42,50
79 - 91,-12
77 - 35,42
63 / 30,2.1
64 / 69,0.93
69 * 34,2346
64 + 63,127
94 * 47,4418
89 + 91,180
92 + 65,157
30 * 93,2790
19 + 84,103
48 - 80,-32
67 / 50,1.34
18 * 35,630
89 / 81,1.1
91 / 89,1.02
79 * 54,4266
34 / 54,0.63
26 - 47,-21
75 / 57,1.32
88 / 47,1.87
67 + 32,99
9 + 68,77
88 / 31,2.84
58 - 67,-9
18 * 31,558
68 * 73,4964
59 * 74,4366
3 / 92,0.03
78 / 85,0.92
40 / 60,0.67
22 * 89,1958
11 + 59,70
18 / 31,0.58
94 - 90,4
53 - 29,24
30 - 21,9
60 - 11,49
44 + 38,82
88 / 90,0.98
35 / 81,0.43
39 - 32,7
91 * 43,3913
14 - 72,-58
72 / 85,0.85
8 - 20,-12
60 + 18,78
3 - 42,-39
82 / 46,1.78
38 + 94,132
43 / 40,1.07
96 - 23,73
36 / 85,0.42
54 + 93,147
64 * 7,448
88 * 38,3344
97 * 98,9506
54 / 84,0.64
84 * 71,5964
90 / 21,4.29
21 / 11,1.91
99 - 31,68
3 / 84,0.04
66 + 32,98
37 + 22,59
86 / 30,2.87
40 * 7,280
73 - 78,-5
11 * 13,143
76 - 82,-6
98 - 46,52
74 * 96,7104
40 / 12,3.33
30 / 66,0.45
15 / 58,0.26
34 / 16,2.12
78 + 6,84
36 - 82,-46
6 + 21,27
68 * 86,5848
73 * 24,1752
32 * 62,1984
71 + 44,115
38 * 20,760
57 * 34,1938
42 + 10,52
7 + 85,92
22 / 9,2.44
16 - 41,-25
94 - 56,38
6 / 48,0.12
78 - 12,66
80 - 85,-5
44 * 56,2464
98 * 21,2058
42 + 46,88
87 - 49,38
84 * 41,3444
1 / 78,0.01
52 * 86,4472
74 + 35,109
96 + 48,144
8 * 67,536
9 - 96,-87
27 + 74,101
76 / 7,10.86
89 + 21,110
35 - 65,-30
64 - 73,-9
3 * 19,57
27 + 21,48
52 - 98,-46
78 * 46,3588
83 * 83,6889
50 - 55,-5
61 + 73,134
49 / 76,0.64
79 - 57,22
54 / 15,3.6
79 + 8,87
45 - 32,13
49 + 7,56
56 * 46,2576
41 / 20,2.05
20 / 63,0.32
84 - 7,77
62 * 24,1488
65 * 44,2860
56 * 26,1456
93 - 76,17
75 * 78,5850
94 + 69,163
93 - 57,36
3 * 20,60
39 + 74,113
46 * 98,4508
12 / 36,0.33
50 - 99,-49
98 * 15,1470
90 + 21,111
11 + 8,19
87 / 33,2.64
71 - 9,62
3 * 30,90
72 * 90,6480
34 * 30,1020
31 - 27,4
71 * 87,6177
22 + 26,48
30 * 53,1590
61 + 7,68
29 / 7,4.14
44 + 72,116
91 * 32,2912
89 * 82,7298
92 * 41,3772
62 + 75,137
63 * 36,2268
61 / 42,1.45
68 / 25,2.72
95 / 11,8.64
10 - 35,-25
57 - 14,43
73 * 84,6132
12 / 62,0.19
79 / 58,1.36
77 / 31,2.48
15 + 39,54
46 / 8,5.75
45 * 84,3780
51 - 95,-44
40 + 37,77
10 + 25,35
51 - 77,-26
72 - 96,-24
85 / 19,4.47
26 / 53,0.49
43 + 52,95
45 - 82,-37
82 / 54,1.52
19 / 64,0.3
89 / 52,1.71
70 + 2,72
70 - 85,-15
58 + 11,69
49 + 12,61
48 / 91,0.53
76 - 80,-4
40 * 81,3240
61 - 86,-25
67 * 41,2747
85 / 56,1.52
93 * 20,1860
97 + 51,148
48 / 39,1.23
13 * 84,1092
25 * 6,150
16 - 2,14
40 + 83,123
74 * 32,2368
96 * 87,8352
7 - 99,-92
39 - 30,9
13 + 75,88
83 + 20,103
5 - 68,-63
3 / 31,0.1
89 + 38,127
78 - 19,59
4 / 69,0.06
87 / 9,9.67
62 + 27,89
69 + 99,168
94 + 85,179
7 - 31,-24
76 + 63,139
23 / 71,0.32
8 * 46,368
61 - 42,19
60 / 55,1.09
88 + 85,173
34 + 74,108
72 - 50,22
34 + 81,115
33 - 21,12
45 - 24,21
37 * 63,2331
97 * 18,1746
20 - 4,16
91 * 12,1092
23 * 47,1081
79 * 65,5135
18 * 76,1368
59 + 28,87
65 + 74,139
97 / 12,8.08
2 + 98,100
96 * 13,1248
41 / 94,0.44
62 - 6,56
33 - 87,-54
18 - 35,-17
68 / 76,0.89
58 - 23,35
29 - 32,-3
89 - 77,12
11 * 47,517
89 + 24,113
56 * 54,3024
13 - 23,-10
31 + 38,69
72 + 41,113
81 - 90,-9
7 / 39,0.18
96 / 29,3.31
67 * 30,2010
65 + 60,125
46 * 38,1748
83 * 77,6391
33 / 76,0.43
81 - 68,13
28 - 20,8
50 - 64,-14
83 - 88,-5
26 / 42,0.62
41 / 27,1.52
52 + 14,66
95 - 14,81
12 - 81,-69
21 + 63,84
77 - 62,15
63 / 30,2.1
36 + 99,135
52 / 97,0.54
94 * 53,4982
86 + 98,184
66 - 96,-30
55 * 4,220
86 + 81,167
46 - 50,-4
10 + 99,109
4 * 90,360
22 + 81,103
40 * 90,3600
14 * 81,1134
23 - 42,-19
54 * 89,4806
5 * 10,50
40 + 18,58
57 / 60,0.95
20 - 92,-72
7 / 72,0.1
82 / 60,1.37
53 - 54,-1
3 + 85,88
63 + 3,66
12 / 58,0.21
51 * 16,816
62 - 83,-21
97 - 54,43
68 + 29,97
7 + 26,33
19 + 37,56
28 - 15,13
71 * 74,5254
91 + 80,171
44 * 71,3124
56 / 37,1.51
37 / 34,1.09
81 * 40,3240
68 * 14,952
53 * 4,212
54 / 48,1.12
68 * 43,2924
38 - 2,36
20 * 76,1520
6 * 41,246
1 * 61,61
55 - 73,-18
86 * 72,6192
43 - 62,-19
70 / 68,1.03
39 - 26,13
31 / 14,2.21
73 * 31,2263
84 / 13,6.46
45 * 13,585
34 - 34,0
84 + 92,176
21 + 71,92
45 + 18,63
68 * 31,2108
63 * 1,63
50 + 61,111
67 * 17,1139
80 - 31,49
34 * 30,1020
42 - 61,-19
43 * 37,1591
54 + 47,101
52 * 85,4420
27 + 50,77
79 - 90,-11
44 - 12,32
50 / 60,0.83
91 + 88,179
14 * 78,1092
30 * 4,120
78 * 53,4134
60 * 13,780
96 / 88,1.09
30 * 97,2910
94 - 30,64
67 * 85,5695
88 / 34,2.59
69 * 67,4623
82 - 39,43
78 + 79,157
76 * 58,4408
34 * 98,3332
4 * 87,348
47 + 61,108
74 - 54,20
82 / 18,4.56
3 - 36,-33
61 / 12,5.08
64 + 90,154
59 - 14,45
91 * 70,6370
65 * 63,4095
91 - 53,38
21 - 52,-31
93 / 95,0.98
42 + 79,121
46 / 63,0.73
4 + 80,84
41 / 78,0.53
72 * 99,7128
24 - 66,-42
56 * 83,4648
27 - 97,-70
60 - 42,18
74 / 17,4.35
67 * 26,1742
62 - 9,53
4 - 61,-57
3 - 19,-16
49 + 2,51
22 + 96,118
51 * 89,4539
92 + 84,176
86 - 12,74
34 - 96,-62
65 / 78,0.83
24 + 91,115
18 * 33,594
17 + 10,27
1 * 22,22
93 + 44,137
6 - 22,-16
21 * 72,1512
8 / 5,1.6
19 - 64,-45
99 / 45,2.2
3 / 7,0.43
75 * 89,6675
59 - 93,-34
47 / 24,1.96
24 * 40,960
6 / 63,0.1
69 * 48,3312
98 * 67,6566
35 * 45,1575
45 + 50,95
85 - 94,-9
78 * 25,1950
69 - 76,-7
49 * 35,1715
41 + 6,47
68 + 86,154
57 + 69,126
9 * 50,450
49 - 45,4
93 + 58,151
83 * 53,4399
11 / 56,0.2
30 / 68,0.44
59 + 29,88
7 + 83,90
59 + 84,143
4 * 67,268
5 + 47,52
17 - 7,10
37 * 14,518
78 * 35,2730
84 - 61,23
88 - 79,9
57 + 66,123
7 * 68,476
55 + 54,109
85 + 89,174
5 - 35,-30
53 - 61,-8
40 / 1,40.0
3 - 62,-59
56 - 98,-42
76 * 77,5852
80 * 31,2480
29 / 22,1.32
57 - 65,-8
42 * 87,3654
62 + 3,65
38 - 5,33
92 - 86,6
73 * 53,3869
57 + 26,83
85 - 61,24
3 - 20,-17
15 - 56,-41
71 + 60,131
90 / 16,5.62
68 - 7,61
85 * 17,1445
73 - 18,55
2 / 78,0.03
52 / 74,0.7
90 / 48,1.88
41 + 18,59
28 + 59,87
97 + 27,124
55 / 9,6.11
45 / 2,22.5
27 * 1,27
38 * 84,3192
2 * 97,194
67 / 96,0.7
76 + 25,101
16 * 26,416
54 - 46,8
53 / 35,1.51
92 - 87,5
69 + 10,79
3 * 81,243
50 / 55,0.91
91 / 33,2.76
4 / 53,0.08
13 * 62,806
7 / 1,7.0
87 / 2,43.5
62 * 22,1364
95 * 91,8645
41 + 88,129
80 * 32,2560
15 * 8,120
73 + 18,91
94 - 36,58
49 - 2,47
72 + 66,138
26 - 5,21
38 + 6,44
39 - 49,-10
33 * 95,3135
84 + 99,183
39 / 28,1.39
16 / 85,0.19
70 / 95,0.74
67 * 42,2814
44 - 76,-32
43 + 38,81
13 - 78,-65
12 + 5,17
18 / 3,6.0
30 * 11,330
6 - 53,-47
3 / 77,0.04
19 * 2,38
84 * 93,7812
75 / 56,1.34
44 - 38,6
34 - 86,-52
24 + 48,72
53 * 91,4823
65 + 5,70
5 - 34,-29
59 + 73,132
50 / 38,1.32
92 / 89,1.03
46 + 48,94
41 * 70,2870
5 - 47,-42
88 * 92,8096
73 + 61,134
17 / 56,0.3
44 - 88,-44
84 * 29,2436
56 + 34,90
48 / 40,1.2
5 / 36,0.14
70 - 12,58
56 * 73,4088
53 * 50,2650
78 * 78,6084
29 - 62,-33
39 / 12,3.25
97 - 59,38
84 + 35,119
73 + 84,157
13 + 92,105
19 - 54,-35
61 - 89,-28
46 - 48,-2
49 - 12,37
71 * 13,923
29 * 88,2552
52 * 46,2392
87 * 29,2523
74 * 70,5180
38 + 77,115
59 + 19,78
68 / 85,0.8
64 + 61,125
17 / 13,1.31
94 - 55,39
13 + 62,75
38 * 35,1330
96 - 43,53
73 / 22,3.32
27 / 70,0.39
46 + 20,66
36 / 42,0.86
22 - 68,-46
84 - 28,56
88 - 39,49
60 + 52,112
20 + 98,118
78 / 16,4.88
1 * 10,10
47 - 79,-32
62 + 35,97
42 + 15,57
16 + 28,44
73 / 7,10.43
85 * 91,7735
24 * 11,264
28 - 58,-30
25 + 79,104
23 - 36,-13
41 + 71,112
92 * 73,6716
3 + 30,33
13 - 35,-22
5 - 18,-13
83 - 3,80
64 / 54,1.19
20 / 39,0.51
50 / 1,50.0
88 / 62,1.42
11 * 76,836
95 * 45,4275
41 + 10,51
47 / 63,0.75
88 * 25,2200
47 + 70,117
99 * 43,4257
75 * 34,2550
18 - 88,-70
39 / 29,1.34
67 - 14,53
12 - 16,-4
43 - 76,-33
50 * 82,4100
49 - 89,-40
9 / 89,0.1
67 * 58,3886
91 + 71,162
96 * 36,3456
12 + 63,75
25 + 24,49
50 / 15,3.33
3 - 49,-46
1 / 43,0.02
49 / 83,0.59
39 + 18,57
52 + 10,62
80 - 8,72
82 + 37,119
73 * 46,3358
15 - 26,-11
99 + 46,145
52 / 56,0.93
83 / 36,2.31
60 - 25,35
61 * 46,2806
45 - 60,-15
63 - 60,3
76 + 91,167
47 * 31,1457
78 + 72,150
95 * 73,6935
5 / 45,0.11
38 + 49,87
15 + 59,74
22 - 40,-18
78 / 35,2.23
12 - 32,-20
98 * 11,1078
25 - 31,-6
41 + 61,102
3 / 25,0.12
17 * 32,544
32 / 40,0.8
55 - 97,-42
74 / 42,1.76
72 * 3,216
4 / 10,0.4
20 / 96,0.21
55 * 92,5060
8 * 9,72
92 / 73,1.26
59 + 23,82
39 / 14,2.79
6 + 97,103
71 * 64,4544
27 * 67,1809
40 + 87,127
45 * 59,2655
29 + 18,47
36 / 16,2.25
88 + 97,185
79 * 38,3002
62 / 20,3.1
3 / 52,0.06
16 / 5,3.2
18 + 92,110
3 / 15,0.2
96 * 23,2208
53 / 33,1.61
4 * 13,52
82 + 30,112
74 * 26,1924
37 * 45,1665
22 + 83,105
91 - 18,73
19 * 21,399
45 * 82,3690
69 * 46,3174
30 * 64,1920
85 - 8,77
44 * 22,968
47 * 43,2021
31 - 78,-47
74 - 8,66
74 / 9,8.22
57 / 39,1.46
80 / 12,6.67
66 - 72,-6
60 - 20,40
69 - 11,58
21 * 63,1323
19 + 33,52
9 + 82,91
50 + 89,139
89 / 91,0.98
12 + 9,21
12 * 20,240
15 + 70,85
76 * 80,6080
23 - 25,-2
2 / 95,0.02
14 - 25,-11
47 / 55,0.85
87 - 75,12
15 * 52,780
55 * 59,3245
40 + 92,132
70 * 48,3360
15 * 95,1425
36 + 92,128
4 - 85,-81
72 / 95,0.76
80 * 68,5440
78 / 6,13.0
27 / 4,6.75
99 - 52,47
89 * 26,2314
42 + 46,88
48 - 9,39
76 - 74,2
7 * 2,14
25 - 3,22
1 / 66,0.02
37 / 45,0.82
81 * 62,5022
48 / 46,1.04
54 - 89,-35
85 - 38,47
22 - 81,-59
69 * 72,4968
64 / 45,1.42
7 - 89,-82
24 + 36,60
13 * 26,338
67 - 30,37
36 + 70,106
50 + 22,72
45 * 41,1845
92 * 50,4600
98 * 77,7546
86 - 46,40
10 / 25,0.4
69 / 81,0.85
17 / 30,0.57
90 - 81,9
61 - 59,2
34 + 75,109
1 / 67,0.01
28 + 74,102
91 * 30,2730
16 + 40,56
4 - 73,-69
27 / 55,0.49
4 + 13,17
39 / 36,1.08
6 / 64,0.09
16 / 68,0.24
53 * 13,689
35 + 77,112
67 / 31,2.16
4 / 59,0.07
33 + 63,96
38 / 26,1.46
66 + 44,110
82 + 30,112
97 - 83,14
26 + 20,46
44 - 84,-40
25 * 14,350
97 + 90,187
43 / 76,0.57
88 * 84,7392
97 / 72,1.35
22 * 35,770
53 / 4,13.25
66 / 80,0.82
20 - 25,-5
57 - 47,10
46 * 66,3036
37 / 10,3.7
71 - 25,46
62 / 97,0.64
68 * 38,2584
5 - 79,-74
9 / 16,0.56
97 - 37,60
71 * 53,3763
83 + 89,172
50 / 68,0.74
10 + 58,68
41 + 53,94
51 / 19,2.68
98 - 90,8
90 - 65,25
18 - 81,-63
94 / 8,11.75
48 * 37,1776
57 + 38,95
77 / 95,0.81
87 - 37,50
41 * 96,3936
48 - 39,9
9 + 57,66
42 - 88,-46
51 * 58,2958
87 * 20,1740
95 / 40,2.38
74 + 85,159
56 - 41,15
80 / 77,1.04
63 / 69,0.91
38 / 46,0.83
69 + 3,72
59 * 43,2537
8 * 36,288
39 / 94,0.41
53 - 42,11
13 / 40,0.33
18 / 5,3.6
37 / 45,0.82
5 * 17,85
78 + 55,133
7 / 9,0.78
95 * 1,95
62 * 27,1674
48 + 7,55
32 + 98,130
89 * 98,8722
86 * 85,7310
83 + 76,159
44 * 28,1232
28 + 28,56
79 + 79,158
37 * 14,518
71 + 38,109
71 - 79,-8
77 * 80,6160
77 / 88,0.88
7 + 18,25
70 + 86,156
27 * 59,1593
29 / 83,0.35
96 / 38,2.53
1 - 27,-26
35 / 66,0.53
73 * 86,6278
14 * 74,1036
48 - 76,-28
21 * 6,126
44 - 73,-29
85 + 10,95
62 * 46,2852
4 * 17,68
98 - 91,7
67 - 7,60
59 / 52,1.13
99 * 42,4158
85 + 19,104
63 / 65,0.97
2 - 14,-12
5 - 59,-54
71 + 36,107
63 * 64,4032
46 - 3,43
70 / 7,10.0
98 - 46,52
27 + 8,35
22 - 10,12
47 + 7,54
66 * 34,2244
24 + 62,86
80 / 30,2.67
87 + 46,133
30 - 43,-13
64 + 68,132
37 / 92,0.4
28 + 98,126
34 + 23,57
6 * 79,474
87 + 89,176
84 + 2,86
39 * 35,1365
37 + 47,84
92 - 27,65
27 / 26,1.04
25 * 57,1425
26 + 32,58
65 / 44,1.48
18 + 94,112
63 / 62,1.02
7 * 86,602
21 - 86,-65
87 * 10,870
59 - 93,-34
15 - 23,-8
82 * 93,7626
77 - 26,51
98 - 37,61
53 + 94,147
40 - 38,2
37 / 31,1.19
92 * 96,8832
33 / 17,1.94
20 + 15,35
69 * 73,5037
8 * 50,400
89 - 88,1
49 + 7,56
24 / 86,0.28
25 - 59,-34
46 / 65,0.71
41 + 25,66
65 - 84,-19
49 - 37,12
40 / 96,0.42
2 + 50,52
1 - 93,-92
14 + 72,86
63 - 5,58
77 + 59,136
16 + 30,46
63 - 64,-1
56 / 25,2.24
37 + 18,55
65 / 23,2.83
76 * 16,1216
85 - 73,12
76 + 45,121
60 + 52,112
65 / 35,1.86
8 - 66,-58
19 - 71,-52
12 - 96,-84
38 * 74,2812
90 + 29,119
20 * 7,140
45 / 55,0.82
92 + 15,107
34 / 8,4.25
91 + 51,142
8 * 58,464
76 - 7,69
19 / 71,0.27
24 * 63,1512
22 + 85,107
58 / 82,0.71
91 * 72,6552
10 / 65,0.15
93 / 64,1.45
71 - 71,0
83 / 7,11.86
95 * 76,7220
90 - 70,20
63 - 33,30
91 * 69,6279
80 - 76,4
37 + 47,84
1 / 41,0.02
19 / 85,0.22
40 - 28,12
32 + 97,129
39 * 41,1599
1 - 53,-52
76 / 18,4.22
43 - 84,-41
21 / 96,0.22
31 / 62,0.5
29 / 33,0.88
94 + 66,160
15 + 40,55
52 / 83,0.63
52 / 1,52.0
95 * 58,5510
37 / 19,1.95
80 / 50,1.6
3 - 74,-71
49 + 17,66
59 + 70,129
10 + 31,41
7 + 72,79
63 - 8,55
37 * 74,2738
47 + 68,115
35 + 54,89
1 * 66,66
3 * 55,165
11 * 71,781
74 * 94,6956
73 - 87,-14
21 / 88,0.24
8 - 77,-69
31 * 85,2635
9 * 54,486
14 - 88,-74
16 / 22,0.73
90 - 62,28
54 + 71,125
32 - 88,-56
42 * 19,798
7 / 48,0.15
78 / 96,0.81
15 / 81,0.19
1 + 72,73
34 - 94,-60
94 + 77,171
96 / 58,1.66
73 * 32,2336
91 - 29,62
9 * 23,207
80 + 32,112
92 - 83,9
32 / 48,0.67
17 + 12,29
99 / 14,7.07
9 - 68,-59
11 + 83,94
76 - 94,-18
78 + 40,118
66 + 74,140
95 + 83,178
68 / 18,3.78
74 / 9,8.22
6 - 89,-83
86 * 85,7310
26 - 13,13
30 * 5,150
59 - 86,-27
20 - 12,8
29 + 15,44
24 + 47,71
14 / 99,0.14
75 / 58,1.29
24 + 98,122
55 / 78,0.71
99 / 68,1.46
92 + 66,158
35 + 65,100
39 - 12,27
88 * 99,8712
80 + 15,95
77 / 36,2.14
29 * 55,1595
49 - 36,13
61 * 65,3965
74 * 24,1776
68 + 7,75
66 * 35,2310
47 + 81,128
21 * 30,630
5 / 51,0.1
22 * 25,550
11 - 92,-81
78 - 28,50
74 * 19,1406
73 + 43,116
30 + 73,103
37 / 38,0.97
4 / 54,0.07
6 - 17,-11
56 / 2,28.0
80 + 38,118
2 + 9,11
56 * 46,2576
65 / 52,1.25
76 * 8,608
44 - 17,27
18 + 27,45
50 + 88,138
30 - 20,10
14 * 18,252
96 - 74,22
71 * 55,3905
17 + 72,89
94 + 83,177
62 + 60,122
24 - 84,-60
40 / 55,0.73
93 - 68,25
3 / 45,0.07
41 - 99,-58
44 + 78,122
25 * 88,2200
94 + 89,183
82 / 10,8.2
58 - 42,16
69 * 6,414
53 * 2,106
22 - 90,-68
46 + 10,56
26 * 71,1846
9 * 92,828
74 - 76,-2
72 / 82,0.88
46 - 19,27
70 / 28,2.5
54 / 12,4.5
22 - 17,5
70 + 88,158
49 / 13,3.77
5 - 71,-66
5 * 14,70
50 * 62,3100
23 * 77,1771
13 + 13,26
21 * 87,1827
51 - 55,-4
88 - 20,68
59 / 48,1.23
66 + 16,82
69 / 75,0.92
9 + 92,101
9 / 24,0.38
96 - 91,5
19 - 58,-39
60 * 62,3720
96 / 98,0.98
72 / 68,1.06
22 / 5,4.4
73 / 41,1.78
36 / 51,0.71
87 * 97,8439
49 + 91,140
95 - 25,70
34 / 87,0.39
85 / 14,6.07
6 * 91,546
38 * 7,266
39 - 98,-59
89 - 56,33
18 - 39,-21
51 * 11,561
43 + 90,133
34 - 48,-14
90 / 65,1.38
69 / 81,0.85
96 / 56,1.71
9 - 74,-65
94 - 16,78
39 + 42,81
71 * 62,4402
9 * 76,684
59 - 75,-16
48 * 5,240
28 / 63,0.44
38 - 13,25
74 + 34,108
68 * 41,2788
99 * 33,3267
51 * 86,4386
85 / 69,1.23
77 / 82,0.94
51 / 90,0.57
34 - 54,-20
71 - 28,43
38 / 43,0.88
81 / 53,1.53
92 + 95,187
81 * 72,5832
78 * 26,2028
4 / 27,0.15
19 * 48,912
18 + 53,71
25 + 58,83
88 + 20,108
12 - 18,-6
54 * 81,4374
7 * 63,441
85 / 89,0.96
93 / 51,1.82
79 * 12,948
64 - 88,-24
50 - 50,0
65 + 8,73
56 * 52,2912
90 + 73,163
37 / 55,0.67
5 * 24,120
34 * 17,578
36 - 35,1
89 * 46,4094
41 / 57,0.72
65 + 46,111
12 / 89,0.13
52 / 99,0.53
55 - 45,10
65 * 1,65
71 - 52,19
61 - 4,57
26 * 97,2522
61 + 74,135
27 * 42,1134
23 / 95,0.24
74 - 87,-13
33 * 28,924
40 + 4,44
74 + 39,113
41 * 35,1435
44 + 61,105
68 + 47,115
23 - 96,-73
62 / 64,0.97
16 + 73,89
62 - 36,26
46 / 73,0.63
63 / 81,0.78
23 + 98,121
29 + 3,32
42 - 30,12
35 / 80,0.44
46 + 8,54
92 / 34,2.71
23 * 14,322
57 - 94,-37
93 - 1,92
69 / 61,1.13
30 - 78,-48
97 + 25,122
97 / 30,3.23
9 + 36,45
4 - 51,-47
45 / 75,0.6
82 + 17,99
55 + 96,151
59 - 69,-10
12 + 47,59
41 + 67,108
24 + 96,120
86 * 52,4472
55 - 35,20
88 + 15,103
25 / 10,2.5
40 * 4,160
78 - 29,49
14 / 70,0.2
18 * 19,342
95 + 63,158
59 * 17,1003
68 + 42,110
35 / 70,0.5
25 * 92,2300
53 / 57,0.93
67 + 77,144
89 * 11,979
51 - 86,-35
98 / 26,3.77
14 - 27,-13
91 + 37,128
8 / 18,0.44
69 * 78,5382
16 + 70,86
35 * 51,1785
39 - 8,31
67 - 91,-24
42 - 86,-44
6 + 59,65
71 - 5,66
33 * 66,2178
36 * 78,2808
80 - 26,54
99 + 57,156
15 / 51,0.29
64 - 69,-5
4 * 9,36
89 - 26,63
50 / 20,2.5
19 - 25,-6
75 * 50,3750
2 + 57,59
58 * 4,232
76 - 70,6
24 / 9,2.67
81 / 9,9.0
15 / 23,0.65
58 - 81,-23
93 - 22,71
73 + 87,160
39 - 20,19
1 - 70,-69
54 - 99,-45
39 / 9,4.33
42 - 86,-44
45 / 17,2.65
98 * 67,6566
14 / 30,0.47
48 + 71,119
73 / 97,0.75
67 * 24,1608
45 - 41,4
54 * 28,1512
57 + 34,91
80 * 41,3280
49 - 27,22
91 + 43,134
16 + 95,111
64 - 29,35
71 - 35,36
70 / 6,11.67
55 * 62,3410
46 * 75,3450
23 + 21,44
96 / 73,1.32
61 / 20,3.05
30 + 15,45
81 - 16,65
54 - 33,21
18 + 75,93
14 + 30,44
37 * 69,2553
44 + 96,140
13 + 13,26
9 + 20,29
46 * 22,1012
71 - 11,60
45 * 39,1755
42 + 37,79
66 / 68,0.97
15 / 54,0.28
99 / 27,3.67
96 * 53,5088
78 - 30,48
59 * 9,531
72 - 58,14
67 + 11,78
26 * 27,702
54 - 23,31
3 + 95,98
30 * 52,1560
54 + 63,117
18 * 59,1062
20 - 73,-53
9 + 78,87
49 - 93,-44
4 * 81,324
91 * 64,5824
38 / 12,3.17
60 - 71,-11
43 + 91,134
92 + 58,150
85 * 10,850
44 - 81,-37
49 - 21,28
62 / 24,2.58
39 + 26,65
17 - 50,-33
1 + 47,48
22 + 32,54
29 + 97,126
28 - 67,-39
50 - 39,11
39 + 98,137
65 * 58,3770
64 / 31,2.06
8 + 48,56
31 + 58,89
47 / 80,0.59
58 + 3,61
21 * 45,945
23 * 4,92
19 / 21,0.9
42 / 85,0.49
47 + 94,141
5 + 90,95
5 + 36,41
6 + 61,67
12 / 77,0.16
19 * 58,1102
74 + 46,120
43 / 16,2.69
67 - 84,-17
27 / 71,0.38
69 + 47,116
89 + 65,154
37 - 37,0
47 / 79,0.59
92 + 37,129
30 / 28,1.07
81 - 87,-6
63 - 29,34
83 / 67,1.24
7 - 12,-5
22 * 81,1782
98 * 4,392
84 - 24,60
24 - 78,-54
14 + 78,92
2 + 70,72
12 + 93,105
45 - 44,1
93 * 10,930
71 - 7,64
40 / 12,3.33
14 / 99,0.14
57 - 64,-7
42 / 28,1.5
89 + 21,110
77 / 15,5.13
99 / 15,6.6
26 - 70,-44
41 / 37,1.11
39 - 29,10
49 - 86,-37
22 - 6,16
73 / 17,4.29
25 * 64,1600
42 / 96,0.44
59 * 55,3245
91 - 31,60
3 + 35,38
12 + 96,108
27 / 18,1.5
90 + 46,136
65 * 34,2210
25 - 61,-36
73 / 93,0.78
91 * 7,637
37 + 93,130
71 * 70,4970
73 - 83,-10
28 / 8,3.5
85 * 22,1870
64 * 66,4224
74 / 76,0.97
35 / 55,0.64
80 - 73,7
68 * 84,5712
5 * 1,5
87 * 62,5394
67 * 75,5025
3 * 40,120
45 + 14,59
48 + 34,82
98 - 54,44
66 / 6,11.0
13 - 88,-75
36 / 72,0.5
83 - 69,14
28 * 48,1344
27 / 51,0.53
38 - 49,-11
20 + 80,100
33 / 82,0.4
22 - 79,-57
40 - 28,12
96 * 12,1152
20 * 72,1440
73 + 82,155
2 * 39,78
91 * 56,5096
57 - 3,54
38 * 46,1748
14 - 14,0
44 - 34,10
62 + 6,68
28 * 76,2128
46 / 44,1.05
34 / 60,0.57
26 - 14,12
95 + 49,144
35 + 86,121
90 / 24,3.75
15 / 21,0.71
3 / 68,0.04
77 - 87,-10
79 + 64,143
97 / 28,3.46
48 - 51,-3
94 * 70,6580
5 - 98,-93
99 + 8,107
59 * 51,3009
52 * 61,3172
1 * 24,24
73 + 24,97
14 + 20,34
53 - 69,-16
92 - 23,69
25 - 8,17
60 + 88,148
38 * 17,646
16 * 36,576
6 + 58,64
77 + 4,81
26 - 96,-70
8 * 23,184
7 / 20,0.35
50 / 48,1.04
65 * 24,1560
61 + 7,68
33 - 10,23
53 - 40,13
48 - 62,-14
55 / 40,1.38
71 / 41,1.73
10 + 22,32
48 / 9,5.33
59 + 37,96
81 / 9,9.0
73 - 36,37
58 * 15,870
16 - 42,-26
8 - 36,-28
35 / 55,0.64
53 * 34,1802
51 - 45,6
40 * 38,1520
45 - 29,16
91 + 35,126
44 / 26,1.69
85 * 53,4505
12 * 89,1068
18 / 70,0.26
13 * 40,520
55 * 57,3135
35 + 2,37
92 + 8,100
11 * 57,627
31 / 34,0.91
75 * 18,1350
14 / 86,0.16
14 / 34,0.41
73 - 1,72
88 - 8,80
19 - 65,-46
73 - 83,-10
16 * 40,640
50 - 45,5
58 / 12,4.83
57 / 30,1.9
16 / 45,0.36
68 - 93,-25
70 * 73,5110
29 - 43,-14
17 - 84,-67
29 / 93,0.31
20 - 16,4
17 * 95,1615
54 / 51,1.06
57 * 11,627
37 + 52,89
50 / 95,0.53
41 - 8,33
29 + 17,46
58 / 41,1.41
21 - 61,-40
34 - 44,-10
29 * 24,696
54 - 82,-28
13 / 44,0.3
70 - 42,28
9 - 17,-8
23 / 94,0.24
45 - 58,-13
56 * 70,3920
39 / 53,0.74
24 + 96,120
44 * 67,2948
11 - 92,-81
90 / 53,1.7
28 - 18,10
53 - 97,-44
86 * 43,3698
52 * 22,1144
78 - 66,12
85 / 44,1.93
73 / 60,1.22
99 - 59,40
70 - 98,-28
49 * 27,1323
55 / 46,1.2
62 / 64,0.97
89 - 62,27
34 / 11,3.09
52 * 70,3640
21 - 14,7
48 - 84,-36
68 * 4,272
98 / 59,1.66
46 - 74,-28
84 * 28,2352
30 * 85,2550
82 / 50,1.64
51 * 63,3213
20 - 87,-67
99 * 34,3366
72 * 12,864
53 / 27,1.96
49 / 21,2.33
43 - 13,30
29 * 86,2494
48 / 61,0.79
65 * 61,3965
1 * 7,7
76 - 15,61
59 * 18,1062
86 / 45,1.91
74 + 82,156
12 + 56,68
42 + 65,107
59 * 33,1947
77 * 13,1001
52 / 67,0.78
58 - 85,-27
41 - 16,25
93 / 69,1.35
83 + 34,117
52 - 94,-42
36 + 43,79
51 + 11,62
78 * 71,5538
96 / 38,2.53
72 * 33,2376
26 / 76,0.34
90 / 76,1.18
90 - 38,52
71 - 88,-17
20 * 93,1860
60 / 17,3.53
8 + 65,73
72 + 50,122
39 + 6,45
96 * 20,1920
31 / 99,0.31
34 - 86,-52
75 - 56,19
50 + 41,91
86 * 67,5762
77 - 61,16
52 + 84,136
9 + 86,95
41 / 56,0.73
27 - 9,18
91 + 7,98
81 / 2,40.5
14 * 71,994
55 * 11,605
10 / 11,0.91
63 * 51,3213
74 / 14,5.29
72 - 2,70
55 + 52,107
18 * 43,774
50 * 18,900
27 * 59,1593
50 / 67,0.75
96 / 89,1.08
91 * 24,2184
93 + 65,158
87 + 5,92
57 + 71,128
23 - 2,21
8 * 58,464
28 / 96,0.29
17 - 34,-17
81 - 89,-8
11 / 35,0.31
78 / 37,2.11
76 - 94,-18
41 / 21,1.95
11 * 53,583
51 / 68,0.75
2 + 85,87
4 / 16,0.25
24 + 54,78
65 + 89,154
72 - 8,64
68 - 67,1
34 * 69,2346
17 / 92,0.18
15 / 54,0.28
31 * 16,496
91 - 86,5
96 / 70,1.37
97 * 59,5723
11 + 41,52
29 * 38,1102
29 + 83,112
58 / 31,1.87
63 + 55,118
37 - 17,20
63 + 8,71
96 * 48,4608
17 - 69,-52
32 / 89,0.36
79 / 9,8.78
95 + 36,131
87 * 37,3219
55 * 97,5335
29 + 91,120
23 + 52,75
26 / 52,0.5
17 + 61,78
94 / 2,47.0
48 + 24,72
29 * 84,2436
62 - 60,2
40 / 94,0.43
12 + 8,20
70 * 75,5250
92 * 63,5796
13 / 80,0.16
77 / 65,1.18
84 + 8,92
82 - 32,50
9 * 58,522
83 * 5,415
46 / 17,2.71
97 - 83,14
72 / 73,0.99
57 + 10,67
11 / 32,0.34
91 / 47,1.94
99 + 94,193
75 / 59,1.27
48 + 13,61
51 - 16,35
68 / 98,0.69
79 * 49,3871
92 / 19,4.84
69 * 71,4899
25 / 1,25.0
73 + 11,84
59 * 46,2714
96 - 94,2
72 - 23,49
93 * 85,7905
16 - 98,-82
27 / 83,0.33
97 * 84,8148
7 * 50,350
97 * 48,4656
66 - 55,11
20 * 37,740
14 * 70,980
73 * 22,1606
11 * 75,825
38 * 73,2774
26 - 19,7
57 * 7,399
26 / 57,0.46
31 * 33,1023
82 - 1,81
97 - 14,83
91 - 82,9
32 + 33,65
35 / 39,0.9
47 + 94,141
99 + 86,185
2 - 36,-34
27 / 42,0.64
9 + 48,57
66 * 79,5214
55 / 71,0.77
79 - 46,33
81 / 28,2.89
36 / 53,0.68
99 + 70,169
25 / 36,0.69
81 - 10,71
70 + 67,137
15 - 47,-32
25 + 52,77
94 * 41,3854
63 / 67,0.94
98 / 37,2.65
62 / 19,3.26
94 + 98,192
12 + 28,40
6 / 35,0.17
57 + 11,68
43 + 40,83
35 - 1,34
80 / 97,0.82
5 - 51,-46
43 - 98,-55
61 - 88,-27
96 - 19,77
19 / 51,0.37
57 * 45,2565
89 * 83,7387
34 + 2,36
2 + 55,57
22 + 32,54
3 + 37,40
27 - 83,-56
80 / 34,2.35
26 / 32,0.81
74 / 4,18.5
39 * 47,1833
1 / 33,0.03
6 - 88,-82
26 + 29,55
28 + 48,76
97 / 82,1.18
13 - 69,-56
13 + 15,28
25 - 79,-54
64 - 99,-35
31 * 9,279
88 + 65,153
25 / 30,0.83
80 * 7,560
86 - 52,34
32 * 68,2176
17 + 67,84
71 * 76,5396
27 - 10,17
90 / 51,1.76
76 + 95,171
36 / 54,0.67
22 / 75,0.29
31 * 50,1550
13 / 89,0.15
87 - 41,46
90 * 67,6030
87 + 11,98
97 * 86,8342
61 / 99,0.62
30 - 56,-26
4 * 71,284
70 + 44,114
63 / 75,0.84
49 * 27,1323
40 - 49,-9
41 - 90,-49
8 - 31,-23
12 * 21,252
25 + 98,123
19 + 35,54
44 * 3,132
88 * 9,792
77 * 74,5698
30 - 78,-48
65 + 71,136
75 / 66,1.14
86 - 89,-3
48 * 24,1152
9 / 58,0.16
63 - 13,50
22 + 75,97
7 - 36,-29
64 + 26,90
38 + 67,105
25 - 15,10
27 * 41,1107
42 / 51,0.82
65 * 9,585
63 * 69,4347
49 - 53,-4
80 * 40,3200
22 * 24,528
33 / 14,2.36
55 + 27,82
56 + 56,112
17 / 34,0.5
88 / 62,1.42
64 - 98,-34
51 - 61,-10
5 - 35,-30
13 * 72,936
73 + 60,133
83 * 34,2822
5 * 1,5
6 - 17,-11
18 - 86,-68
9 + 19,28
82 / 56,1.46
70 - 91,-21
17 - 12,5
49 * 52,2548
61 * 17,1037
51 * 34,1734
53 * 68,3604
13 + 10,23
66 - 5,61
74 + 61,135
39 - 48,-9
97 - 1,96
39 * 55,2145
74 + 27,101
34 + 3,37
85 * 88,7480
46 + 34,80
63 + 37,100
26 - 78,-52
14 / 30,0.47
3 - 50,-47
60 * 56,3360
99 / 31,3.19
33 / 13,2.54
79 * 62,4898
97 - 42,55
35 * 65,2275
36 - 8,28
87 * 35,3045
23 / 63,0.37
36 / 81,0.44
7 + 15,22
89 / 2,44.5
74 / 57,1.3
92 * 29,2668
7 / 61,0.11
17 / 60,0.28
27 / 42,0.64
39 - 40,-1
10 - 30,-20
52 / 52,1.0
52 + 17,69
30 + 53,83
24 * 78,1872
73 - 49,24
69 / 37,1.86
28 + 85,113
91 + 98,189
62 - 33,29
60 - 71,-11
52 / 9,5.78
79 + 48,127
91 - 63,28
95 * 96,9120
10 - 59,-49
40 / 9,4.44
69 / 74,0.93
36 + 16,52
80 / 90,0.89
64 / 31,2.06
51 * 8,408
78 * 61,4758
55 - 54,1
61 - 85,-24
28 / 98,0.29
46 - 32,14
55 * 13,715
52 * 92,4784
80 + 45,125
55 + 13,68
18 / 16,1.12
30 / 19,1.58
23 - 28,-5
83 + 39,122
81 - 34,47
3 - 51,-48
42 / 22,1.91
82 + 25,107
39 + 53,92
76 + 28,104
40 / 34,1.18
61 / 82,0.74
16 - 19,-3
57 + 49,106
92 - 87,5
4 * 17,68
94 / 41,2.29
65 + 4,69
14 + 24,38
92 - 58,34
56 * 98,5488
93 - 59,34
85 + 48,133
40 / 3,13.33
94 * 98,9212
63 - 88,-25
2 / 28,0.07
39 - 33,6
96 + 45,141
73 * 29,2117
30 / 7,4.29
38 + 84,122
76 / 12,6.33
56 * 31,1736
60 - 50,10
69 / 16,4.31
93 / 73,1.27
30 - 66,-36
55 + 62,117
14 / 84,0.17
76 / 44,1.73
96 - 88,8
37 * 65,2405
16 * 84,1344
46 * 54,2484
95 + 90,185
55 - 21,34
61 - 38,23
68 - 5,63
71 / 35,2.03
14 * 75,1050
61 + 47,108
25 - 45,-20
17 - 75,-58
4 * 14,56
85 - 18,67
8 + 63,71
82 * 50,4100
34 / 65,0.52
35 / 94,0.37
70 / 37,1.89
40 * 92,3680
2 / 88,0.02
13 + 7,20
47 / 47,1.0
74 - 23,51
77 + 5,82
91 / 32,2.84
13 - 79,-66
56 * 34,1904
81 / 62,1.31
9 / 26,0.35
59 + 22,81
56 / 89,0.63
36 / 60,0.6
70 + 53,123
93 - 7,86
26 - 8,18
49 + 14,63
50 - 20,30
95 + 53,148
31 - 99,-68
2 + 9,11
71 + 17,88
76 + 88,164
93 / 31,3.0
46 - 20,26
78 * 31,2418
27 - 20,7
92 + 3,95
21 + 36,57
74 / 76,0.97
17 + 59,76
85 + 59,144
20 + 72,92
3 + 71,74
58 * 31,1798
6 + 44,50
89 - 64,25
40 * 66,2640
1 + 13,14
21 * 68,1428
71 + 56,127
70 * 37,2590
59 + 43,102
34 + 65,99
96 * 20,1920
62 + 63,125
77 + 55,132
33 / 10,3.3
96 + 7,103
40 / 67,0.6
80 + 93,173
31 - 82,-51
62 - 53,9
46 * 51,2346
81 - 84,-3
2 / 82,0.02
33 + 47,80
14 - 16,-2
92 * 92,8464
2 * 30,60
1 + 97,98
1 - 63,-62
74 / 57,1.3
19 - 51,-32
58 - 5,53
97 * 2,194
31 / 27,1.15
73 * 58,4234
63 / 84,0.75
9 / 8,1.12
88 * 48,4224
53 + 68,121
20 + 27,47
83 + 2,85
63 + 2,65
84 / 77,1.09
25 * 43,1075
9 + 98,107
37 + 39,76
9 - 5,4
48 / 74,0.65
1 - 61,-60
49 * 72,3528
31 * 93,2883
67 - 97,-30
81 + 4,85
17 - 85,-68
61 / 2,30.5
66 / 81,0.81
18 - 28,-10
74 - 33,41
45 - 55,-10
91 / 32,2.84
57 / 53,1.08
68 - 1,67
9 + 10,19
72 * 82,5904
79 + 49,128
31 / 1,31.0
69 + 11,80
79 - 96,-17
42 * 4,168
94 - 43,51
10 * 33,330
61 + 55,116
14 / 74,0.19
73 + 38,111
83 * 2,166
72 + 4,76
89 * 1,89
21 / 94,0.22
47 + 96,143
99 + 31,130
48 / 31,1.55
59 / 18,3.28
41 - 48,-7
68 * 46,3128
30 - 63,-33
77 + 59,136
98 * 56,5488
87 - 16,71
55 / 79,0.7
54 / 40,1.35
42 - 33,9
52 - 61,-9
13 + 96,109
53 * 72,3816
96 * 64,6144
9 * 29,261
49 / 10,4.9
1 * 77,77
43 * 98,4214
92 * 57,5244
15 / 46,0.33
57 / 77,0.74
90 + 94,184
53 / 22,2.41
19 / 18,1.06
81 + 28,109
16 / 9,1.78
12 * 95,1140
38 - 92,-54
57 + 5,62
92 + 37,129
96 / 23,4.17
50 / 67,0.75
67 * 45,3015
71 / 91,0.78
11 / 13,0.85
60 + 16,76
19 * 11,209
93 / 76,1.22
1 + 4,5
98 / 47,2.09
28 * 73,2044
45 - 18,27
75 - 57,18
69 / 93,0.74
21 + 54,75
85 * 42,3570
56 - 20,36
80 - 26,54
80 - 51,29
66 - 25,41
93 / 88,1.06
84 * 46,3864
31 - 82,-51
50 * 69,3450
36 / 81,0.44
28 / 94,0.3
24 + 2,26
38 - 84,-46
87 * 85,7395
57 + 14,71
21 * 77,1617
63 - 41,22
88 * 74,6512
99 * 81,8019
8 / 78,0.1
64 - 23,41
5 + 66,71
31 * 81,2511
1 * 63,63
74 + 63,137
78 * 61,4758
82 / 98,0.84
9 * 9,81
61 / 23,2.65
22 + 13,35
86 * 35,3010
41 - 42,-1
75 + 13,88
70 - 75,-5
15 / 36,0.42
55 - 34,21
36 / 88,0.41
12 * 94,1128
46 * 34,1564
84 / 56,1.5
56 / 49,1.14
60 * 86,5160
43 * 77,3311
48 / 69,0.7
97 + 92,189
1 * 10,10
15 / 56,0.27
63 + 27,90
76 + 10,86
38 / 93,0.41
4 + 90,94
95 + 35,130
64 / 26,2.46
44 * 36,1584
92 / 25,3.68
42 / 83,0.51
35 - 97,-62
38 * 88,3344
80 - 55,25
12 * 60,720
65 + 12,77
98 / 45,2.18
1 - 16,-15
99 * 90,8910
57 / 50,1.14
38 * 78,2964
36 + 54,90
85 + 88,173
9 * 21,189
4 + 52,56
79 + 80,159
73 / 15,4.87
4 / 42,0.1
11 / 30,0.37
65 * 94,6110
65 - 29,36
28 * 64,1792
53 / 90,0.59
40 - 57,-17
57 * 15,855
31 * 94,2914
74 * 83,6142
73 - 90,-17
99 / 84,1.18
99 + 24,123
22 - 27,-5
83 - 92,-9
89 - 25,64
19 + 61,80
36 * 54,1944
47 - 70,-23
97 - 28,69
48 - 6,42
16 * 37,592
20 + 40,60
80 + 7,87
8 * 6,48
43 / 92,0.47
19 - 20,-1
55 / 9,6.11
33 * 43,1419
84 - 21,63
15 / 73,0.21
22 * 57,1254
49 + 92,141
91 - 85,6
58 - 80,-22
37 - 46,-9
36 - 29,7
45 / 11,4.09
83 - 67,16
78 * 81,6318
35 + 73,108
15 / 49,0.31
49 + 85,134
18 * 94,1692
96 - 35,61
37 + 3,40
38 * 14,532
46 - 51,-5
6 - 25,-19
90 - 18,72
14 + 52,66
98 * 68,6664
64 * 7,448
87 * 76,6612
46 - 6,40
29 / 52,0.56
78 * 76,5928
70 + 95,165
21 - 72,-51
53 * 7,371
74 - 85,-11
24 - 10,14
20 + 20,40
27 + 38,65
13 - 65,-52
74 + 46,120
23 + 75,98
53 + 1,54
51 * 57,2907
99 + 98,197
11 * 89,979
37 * 14,518
9 * 33,297
93 - 93,0
56 * 54,3024
28 / 78,0.36
35 - 5,30
97 - 78,19
92 * 44,4048
62 * 12,744
50 / 1,50.0
6 - 27,-21
37 + 45,82
80 / 74,1.08
9 + 6,15
73 / 57,1.28
68 * 31,2108
69 * 56,3864
93 - 32,61
78 * 38,2964
13 / 3,4.33
77 * 10,770
54 + 36,90
91 * 9,819
18 - 48,-30
11 * 74,814
32 + 59,91
87 - 36,51
60 + 22,82
50 - 63,-13
79 * 58,4582
65 + 96,161
96 * 3,288
92 - 62,30
71 - 53,18
27 + 89,116
98 * 36,3528
97 * 91,8827
50 + 68,118
46 * 29,1334
21 + 67,88
9 - 52,-43
26 / 88,0.3
45 + 11,56
76 + 97,173
45 * 56,2520
54 - 73,-19
83 / 59,1.41
14 + 17,31
47 / 15,3.13
43 + 32,75
78 + 79,157
23 + 38,61
72 / 21,3.43
49 - 94,-45
59 - 13,46
87 - 38,49
64 * 80,5120
8 - 75,-67
17 - 58,-41
82 / 78,1.05
57 - 3,54
46 + 41,87
94 - 36,58
29 - 77,-48
87 + 84,171
56 / 24,2.33
97 * 41,3977
96 * 38,3648
82 + 30,112
72 * 23,1656
17 * 15,255
4 - 99,-95
42 + 89,131
9 - 97,-88
95 + 56,151
53 + 5,58
27 / 2,13.5
10 * 11,110
40 + 24,64
17 - 98,-81
18 / 31,0.58
70 * 6,420
92 + 7,99
96 / 63,1.52
69 * 18,1242
71 * 70,4970
33 / 16,2.06
34 / 5,6.8
94 + 13,107
55 - 30,25
98 - 17,81
73 / 64,1.14
88 / 51,1.73
85 * 69,5865
16 + 23,39
62 - 95,-33
3 * 48,144
54 * 80,4320
62 + 28,90
49 * 46,2254
26 + 38,64
6 - 99,-93
3 - 82,-79
85 - 76,9
97 + 52,149
87 - 4,83
51 - 71,-20
57 + 51,108
58 + 5,63
56 - 92,-36
33 * 73,2409
81 * 75,6075
70 + 14,84
1 / 97,0.01
56 * 88,4928
43 - 8,35
84 * 13,1092
92 / 18,5.11
6 - 38,-32
94 - 32,62
58 / 34,1.71
81 / 96,0.84
54 * 80,4320
70 + 21,91
72 - 30,42
63 - 1,62
82 + 34,116
60 / 83,0.72
99 - 15,84
65 - 55,10
58 + 30,88
51 / 75,0.68
8 - 46,-38
13 + 16,29
2 + 66,68
70 - 86,-16
48 / 74,0.65
70 + 66,136
25 / 49,0.51
15 / 34,0.44
64 + 74,138
16 - 84,-68
36 - 52,-16
56 + 99,155
79 - 83,-4
62 / 6,10.33
18 / 1,18.0
95 / 27,3.52
8 + 55,63
35 / 77,0.45
38 * 91,3458
80 / 14,5.71
71 + 62,133
31 - 24,7
23 * 1,23
24 - 78,-54
44 + 77,121
76 + 58,134
93 - 17,76
31 * 9,279
97 - 97,0
84 - 82,2
22 + 86,108
40 - 91,-51
77 / 93,0.83
95 - 94,1
21 - 92,-71
14 - 61,-47
8 - 44,-36
47 - 74,-27
28 - 62,-34
69 / 97,0.71
19 - 20,-1
34 * 74,2516
17 + 53,70
10 / 40,0.25
33 - 47,-14
41 + 75,116
30 / 59,0.51
2 + 78,80
52 + 76,128
56 + 68,124
5 / 7,0.71
92 + 69,161
11 - 20,-9
93 * 93,8649
57 + 41,98
58 * 64,3712
65 * 57,3705
3 - 98,-95
64 * 55,3520
52 * 75,3900
5 / 97,0.05
4 / 19,0.21
24 / 95,0.25
90 - 20,70
57 * 20,1140
15 + 90,105
1 * 2,2
72 / 13,5.54
30 + 50,80
12 * 4,48
56 + 56,112
84 / 29,2.9
69 + 48,117
25 + 95,120
53 / 43,1.23
40 + 14,54
94 - 61,33
82 * 1,82
49 - 91,-42
56 - 66,-10
39 / 5,7.8
97 - 46,51
94 / 44,2.14
82 / 48,1.71
75 * 73,5475
16 * 36,576
20 + 44,64
90 / 39,2.31
47 / 72,0.65
73 / 54,1.35
93 / 35,2.66
60 * 73,4380
43 * 75,3225
93 / 13,7.15
63 + 50,113
44 + 17,61
66 * 21,1386
92 / 71,1.3
83 / 40,2.08
55 - 20,35
8 / 38,0.21
77 * 50,3850
26 + 40,66
46 * 50,2300
70 - 3,67
69 - 42,27
79 / 47,1.68
64 + 83,147
91 / 16,5.69
1 / 64,0.02
79 / 32,2.47
7 / 42,0.17
95 / 67,1.42
98 - 16,82
44 * 93,4092
49 * 34,1666
91 - 84,7
37 / 36,1.03
67 + 42,109
72 + 50,122
32 * 53,1696
85 - 92,-7
27 / 40,0.68
2 - 24,-22
24 - 55,-31
88 - 19,69
57 / 34,1.68
11 - 15,-4
80 + 29,109
92 / 55,1.67
72 - 99,-27
53 - 97,-44
87 + 70,157
8 / 41,0.2
11 - 13,-2
42 * 84,3528
63 / 20,3.15
35 - 3,32
87 / 4,21.75
59 - 79,-20
7 - 60,-53
79 - 96,-17
80 - 56,24
86 / 39,2.21
18 * 38,684
89 / 20,4.45
97 * 97,9409
42 / 58,0.72
75 + 22,97
1 * 31,31
20 * 19,380
22 / 68,0.32
18 * 89,1602
36 / 64,0.56
79 * 89,7031
51 * 77,3927
4 * 23,92
64 - 61,3
10 - 42,-32
53 - 11,42
26 + 29,55
71 - 64,7
96 * 31,2976
8 / 7,1.14
30 + 9,39
52 - 1,51
7 * 71,497
43 / 45,0.96
68 * 24,1632
93 - 64,29
30 / 52,0.58
99 * 40,3960
84 - 52,32
70 * 82,5740
56 - 30,26
21 * 32,672
65 / 76,0.86
31 + 32,63
98 / 7,14.0
4 / 15,0.27
15 + 2,17
4 + 55,59
24 - 74,-50
90 * 16,1440
3 + 16,19
39 + 70,109
61 / 15,4.07
69 - 2,67
42 - 14,28
78 + 5,83
98 / 52,1.88
78 - 3,75
18 * 56,1008
40 * 11,440
81 + 31,112
32 * 5,160
47 / 38,1.24
39 + 35,74
97 * 17,1649
44 / 48,0.92
12 / 47,0.26
58 / 44,1.32
94 / 57,1.65
68 / 9,7.56
15 / 42,0.36
55 / 69,0.8
12 / 29,0.41
97 + 63,160
83 * 28,2324
1 - 12,-11
49 - 54,-5
99 - 24,75
94 * 93,8742
40 + 65,105
14 - 15,-1
65 / 24,2.71
23 / 21,1.1
25 + 7,32
96 * 68,6528
65 * 20,1300
41 * 90,3690
38 + 58,96
4 + 55,59
80 + 50,130
77 + 69,146
43 * 86,3698
7 + 88,95
60 + 79,139
35 - 6,29
85 / 62,1.37
15 / 31,0.48
52 + 81,133
85 + 10,95
89 / 12,7.42
59 - 5,54
34 / 41,0.83
2 - 80,-78
86 + 82,168
66 + 56,122
69 + 57,126
82 / 17,4.82
92 - 93,-1
55 * 39,2145
69 + 87,156
50 - 48,2
52 - 4,48
58 + 76,134
72 - 36,36
67 - 58,9
13 / 93,0.14
31 * 81,2511
31 + 69,100
26 + 18,44
24 + 62,86
20 + 35,55
1 - 39,-38
49 / 6,8.17
44 * 52,2288
53 - 12,41
70 / 1,70.0
14 * 29,406
48 / 55,0.87
62 + 60,122
67 + 92,159
6 / 57,0.11
59 + 59,118
53 * 87,4611
5 - 76,-71
66 + 60,126
50 - 29,21
22 * 48,1056
20 / 66,0.3
73 * 39,2847
11 * 64,704
40 + 96,136
31 / 22,1.41
54 + 70,124
96 / 44,2.18
46 / 17,2.71
52 / 52,1.0
41 - 49,-8
72 * 6,432
80 - 28,52
75 - 58,17
11 * 32,352
34 - 73,-39
78 / 28,2.79
27 - 79,-52
98 - 39,59
58 - 59,-1
20 + 45,65
93 / 90,1.03
96 / 44,2.18
32 + 72,104
3 - 97,-94
73 / 42,1.74
98 - 72,26
7 + 46,53
60 * 56,3360
19 * 21,399
56 / 51,1.1
95 * 88,8360
6 / 80,0.07
35 * 58,2030
51 * 47,2397
12 + 42,54
51 + 95,146
47 / 93,0.51
32 * 59,1888
63 + 92,155
81 + 90,171
67 + 19,86
1 * 87,87
77 - 52,25
85 / 70,1.21
43 * 41,1763
17 / 87,0.2
60 - 31,29
40 / 87,0.46
8 / 2,4.0
95 + 40,135
17 * 3,51
86 * 41,3526
71 / 29,2.45
41 + 64,105
26 - 68,-42
40 * 54,2160
2 + 88,90
94 / 50,1.88
42 + 17,59
35 * 39,1365
22 * 19,418
62 + 98,160
85 + 79,164
50 / 4,12.5
58 * 87,5046
68 + 20,88
85 + 96,181
73 + 94,167
47 + 94,141
46 / 36,1.28
82 + 55,137
74 - 23,51
26 + 41,67
65 - 65,0
76 + 41,117
87 + 36,123
65 / 8,8.12
2 + 71,73
13 / 92,0.14
30 - 40,-10
49 / 45,1.09
98 - 91,7
66 * 67,4422
79 * 31,2449
9 + 10,19
74 + 6,80
45 - 41,4
31 / 52,0.6
64 * 65,4160
41 / 4,10.25
36 - 71,-35
73 / 59,1.24
28 - 77,-49
90 - 2,88
82 + 52,134
58 - 86,-28
98 * 84,8232
44 - 81,-37
51 - 97,-46
40 * 32,1280
58 + 10,68
47 - 76,-29
44 + 53,97
58 + 63,121
9 - 90,-81
75 - 34,41
95 * 85,8075
63 * 34,2142
30 / 86,0.35
3 - 43,-40
93 / 72,1.29
34 + 55,89
20 * 82,1640
41 * 7,287
14 * 69,966
54 / 16,3.38
16 - 53,-37
28 - 61,-33
6 + 54,60
84 * 57,4788
59 * 97,5723
17 - 33,-16
35 + 92,127
14 / 52,0.27
27 - 85,-58
86 / 18,4.78
83 * 2,166
42 / 38,1.11
81 - 34,47
46 / 63,0.73
60 * 91,5460
66 + 44,110
77 * 16,1232
55 / 88,0.62
13 - 19,-6
15 * 58,870
47 / 83,0.57
4 / 7,0.57
97 * 63,6111
49 - 96,-47
57 / 17,3.35
86 / 94,0.91
83 / 72,1.15
94 / 31,3.03
74 * 8,592
21 / 26,0.81
78 * 58,4524
6 + 71,77
21 - 18,3
8 + 84,92
23 - 16,7
55 + 4,59
75 / 22,3.41
88 / 71,1.24
87 * 13,1131
79 / 49,1.61
37 / 35,1.06
2 - 2,0
19 + 58,77
57 + 53,110
55 + 72,127
68 + 87,155
59 / 50,1.18
81 - 27,54
22 + 34,56
44 - 65,-21
11 - 31,-20
49 / 56,0.88
44 + 77,121
37 / 57,0.65
50 - 80,-30
41 - 47,-6
28 * 98,2744
86 + 54,140
40 + 86,126
79 / 91,0.87
65 + 70,135
47 - 5,42
37 / 37,1.0
64 / 53,1.21
49 + 21,70
22 - 61,-39
59 - 55,4
86 + 97,183
99 + 72,171
63 / 57,1.11
70 - 2,68
84 / 12,7.0
68 * 87,5916
40 + 67,107
15 + 75,90
7 * 56,392
81 + 33,114
35 / 79,0.44
2 - 33,-31
13 + 53,66
14 + 98,112
24 / 21,1.14
62 * 56,3472
46 / 60,0.77
48 + 44,92
74 + 38,112
22 / 54,0.41
43 + 92,135
88 / 39,2.26
64 - 7,57
54 + 80,134
90 - 77,13
71 - 76,-5
48 * 94,4512
14 / 88,0.16
62 + 84,146
91 - 86,5
68 * 43,2924
10 * 98,980
71 / 93,0.76
21 + 33,54
63 + 19,82
47 / 7,6.71
40 / 45,0.89
59 * 99,5841
51 + 90,141
88 + 20,108
10 + 64,74
95 * 75,7125
79 * 26,2054
26 / 80,0.33
23 + 53,76
26 - 82,-56
55 / 72,0.76
48 * 37,1776
85 + 11,96
1 + 20,21
55 + 76,131
33 - 92,-59
5 / 41,0.12
11 * 41,451
68 / 77,0.88
2 * 61,122
59 + 1,60
27 - 54,-27
67 + 12,79
5 - 71,-66
20 + 15,35
10 + 14,24
22 - 74,-52
51 + 11,62
8 + 51,59
51 - 68,-17
53 / 48,1.1
78 - 21,57
69 - 17,52
88 - 47,41
89 + 49,138
27 / 54,0.5
4 + 51,55
6 + 28,34
63 * 8,504
31 - 44,-13
99 - 88,11
57 * 87,4959
44 + 45,89
21 + 94,115
36 - 54,-18
33 + 59,92
13 - 61,-48
28 - 10,18
31 + 43,74
81 + 67,148
35 / 48,0.73
42 + 6,48
29 * 40,1160
1 * 57,57
60 / 39,1.54
96 / 68,1.41
90 + 89,179
60 + 1,61
57 / 31,1.84
17 + 54,71
78 / 47,1.66
73 / 3,24.33
10 + 60,70
67 / 11,6.09
35 / 59,0.59
99 - 1,98
41 - 30,11
39 / 4,9.75
31 / 11,2.82
99 / 41,2.41
58 * 72,4176
38 / 78,0.49
38 - 10,28
86 + 71,157
17 - 61,-44
24 + 54,78
86 / 90,0.96
38 + 19,57
77 / 34,2.26
89 + 73,162
40 + 52,92
95 * 51,4845
19 - 5,14
33 * 14,462
19 * 61,1159
66 / 86,0.77
63 / 51,1.24
56 * 94,5264
49 + 77,126
80 - 10,70
69 - 9,60
28 / 82,0.34
25 / 32,0.78
83 - 55,28
6 - 75,-69
98 * 15,1470
7 - 15,-8
90 * 5,450
67 * 91,6097
68 + 63,131
11 / 46,0.24
1 - 77,-76
5 - 87,-82
81 / 81,1.0
40 + 64,104
18 - 84,-66
72 + 2,74
44 - 3,41
23 * 35,805
64 / 3,21.33
65 + 11,76
23 + 70,93
54 - 42,12
88 / 24,3.67
22 - 27,-5
35 + 2,37
28 * 58,1624
61 * 74,4514
45 * 86,3870
19 - 10,9
1 + 75,76
18 - 48,-30
82 * 83,6806
3 * 23,69
37 - 2,35
9 * 37,333
80 * 74,5920
7 + 40,47
23 / 9,2.56
24 * 24,576
22 * 59,1298
67 + 26,93
31 - 79,-48
96 + 93,189
76 + 61,137
77 * 39,3003
73 - 11,62
36 - 57,-21
70 - 17,53
5 * 99,495
83 / 95,0.87
34 / 52,0.65
23 * 91,2093
77 - 16,61
98 - 30,68
35 - 79,-44
30 - 76,-46
76 / 39,1.95
85 + 99,184
74 / 14,5.29
34 * 51,1734
68 - 65,3
2 + 63,65
91 * 26,2366
51 / 55,0.93
87 + 24,111
7 - 31,-24
57 * 62,3534
55 / 27,2.04
50 / 80,0.62
59 / 35,1.69
16 / 91,0.18
6 / 49,0.12
3 / 66,0.05
29 + 28,57
95 / 80,1.19
61 - 94,-33
19 + 55,74
77 + 48,125
63 * 43,2709
36 - 38,-2
92 * 11,1012
45 * 88,3960
10 / 49,0.2
58 + 79,137
62 * 22,1364
65 * 72,4680
82 * 88,7216
90 / 83,1.08
69 + 30,99
63 * 44,2772
12 - 7,5
23 / 53,0.43
33 + 87,120
81 + 38,119
60 / 99,0.61
10 * 97,970
67 + 87,154
98 * 31,3038
4 + 68,72
49 - 52,-3
61 * 46,2806
84 - 13,71
85 - 61,24
23 - 50,-27
65 * 69,4485
65 * 28,1820
70 - 11,59
75 / 95,0.79
63 + 5,68
71 + 54,125
73 + 43,116
21 / 69,0.3
44 + 84,128
31 / 84,0.37
57 / 22,2.59
97 - 16,81
15 - 9,6
43 + 61,104
33 + 67,100
74 * 46,3404
90 * 46,4140
61 * 94,5734
88 - 96,-8
75 - 8,67
8 * 20,160
55 - 33,22
50 * 93,4650
36 * 6,216
50 / 75,0.67
2 + 85,87
23 * 81,1863
64 + 1,65
93 - 15,78
10 * 99,990
71 + 16,87
20 + 37,57
27 / 37,0.73
16 / 64,0.25
41 / 26,1.58
93 - 91,2
25 / 11,2.27
93 / 10,9.3
7 - 71,-64
5 - 50,-45
11 + 21,32
59 / 83,0.71
59 + 91,150
84 - 34,50
71 / 91,0.78
94 + 90,184
68 / 81,0.84
42 * 40,1680
99 + 47,146
48 - 51,-3
21 + 81,102
60 + 88,148
6 + 84,90
57 * 20,1140
53 - 50,3
92 + 80,172
41 * 15,615
34 / 95,0.36
74 - 1,73
48 + 59,107
99 - 68,31
57 * 43,2451
34 / 43,0.79
98 + 63,161
56 + 32,88
45 / 18,2.5
63 - 69,-6
61 + 62,123
60 * 72,4320
17 / 76,0.22
9 * 17,153
32 - 92,-60
98 + 47,145
10 - 38,-28
37 * 30,1110
10 - 81,-71
22 + 5,27
87 * 33,2871
74 + 49,123
78 / 30,2.6
69 - 92,-23
99 + 28,127
7 / 81,0.09
74 + 17,91
17 / 55,0.31
33 - 89,-56
25 + 5,30
96 * 47,4512
94 - 24,70
55 - 12,43
57 - 65,-8
80 + 84,164
40 - 25,15
56 - 25,31
71 + 86,157
36 - 28,8
60 * 7,420
14 + 41,55
24 + 48,72
35 * 2,70
90 / 78,1.15
4 * 13,52
36 / 37,0.97
62 + 29,91
29 / 74,0.39
45 * 31,1395
48 + 12,60
84 / 99,0.85
78 * 76,5928
33 - 42,-9
1 / 86,0.01
94 * 47,4418
24 + 35,59
2 / 82,0.02
61 - 41,20
64 - 47,17
66 - 63,3
38 / 18,2.11
88 - 75,13
67 * 66,4422
87 - 81,6
45 - 14,31
74 / 82,0.9
60 / 89,0.67
72 - 38,34
82 * 82,6724
51 + 10,61
74 / 20,3.7
21 * 41,861
15 / 43,0.35
32 + 5,37
24 / 77,0.31
52 - 68,-16
53 - 71,-18
70 / 85,0.82
76 - 67,9
73 + 90,163
93 / 85,1.09
45 - 55,-10
23 * 21,483
86 / 50,1.72
81 + 67,148
63 * 46,2898
60 / 30,2.0
17 / 50,0.34
66 - 26,40
49 + 63,112
64 + 77,141
98 + 21,119
3 / 62,0.05
88 * 54,4752
98 - 35,63
75 * 32,2400
71 / 34,2.09
13 * 96,1248
56 / 48,1.17
14 - 89,-75
99 + 57,156
93 / 35,2.66
35 * 49,1715
50 * 34,1700
3 * 49,147
75 - 22,53
69 - 46,23
89 / 66,1.35
20 * 50,1000
22 - 31,-9
21 * 23,483
84 - 72,12
58 + 4,62
34 + 40,74
50 - 80,-30
81 - 72,9
91 + 4,95
77 * 36,2772
88 + 79,167
3 - 92,-89
6 * 64,384
27 / 47,0.57
43 * 24,1032
90 + 36,126
25 + 91,116
34 - 23,11
41 - 70,-29
4 / 22,0.18
45 + 19,64
21 + 10,31
55 - 9,46
94 / 39,2.41
3 / 54,0.06
62 * 89,5518
8 / 13,0.62
68 - 1,67
35 / 65,0.54
81 * 13,1053
24 / 8,3.0
62 * 25,1550
77 * 77,5929
32 - 17,15
83 / 82,1.01
32 + 91,123
62 * 51,3162
68 / 18,3.78
17 / 40,0.42
46 + 38,84
91 * 70,6370
87 / 70,1.24
58 - 36,22
84 / 38,2.21
47 / 97,0.48
99 / 31,3.19
42 * 37,1554
49 - 87,-38
48 / 86,0.56
86 * 28,2408
92 + 40,132
99 + 84,183
64 + 47,111
27 * 77,2079
68 - 77,-9
71 - 41,30
22 - 20,2
23 + 68,91
57 * 36,2052
63 / 39,1.62
91 + 67,158
91 + 43,134
84 * 92,7728
62 - 39,23
26 * 70,1820
4 * 91,364
5 / 99,0.05
1 + 62,63
44 + 75,119
69 + 72,141
42 * 79,3318
63 - 60,3
99 - 4,95
70 + 36,106
63 + 62,125
46 - 80,-34
8 + 1,9
4 * 37,148
91 - 87,4
8 + 15,23
80 / 38,2.11
37 - 38,-1
61 + 34,95
55 / 52,1.06
88 / 65,1.35
47 / 67,0.7
67 - 8,59
87 / 81,1.07
18 / 45,0.4
32 - 7,25
61 * 29,1769
23 * 80,1840
57 - 89,-32
93 * 46,4278
72 - 67,5
1 + 56,57
56 * 98,5488
27 - 53,-26
23 / 64,0.36
37 + 42,79
18 - 17,1
27 + 60,87
47 * 39,1833
10 / 36,0.28
51 / 94,0.54
72 / 66,1.09
71 / 46,1.54
70 * 18,1260
35 - 86,-51
51 + 52,103
30 - 25,5
45 + 11,56
59 + 18,77
51 * 12,612
61 + 11,72
21 - 85,-64
76 * 89,6764
31 / 70,0.44
53 / 85,0.62
67 + 84,151
72 + 39,111
28 - 62,-34
16 - 7,9
48 * 88,4224
47 / 25,1.88
14 - 84,-70
99 + 92,191
60 * 31,1860
8 + 31,39
45 / 91,0.49
21 - 67,-46
91 / 16,5.69
66 * 75,4950
18 + 70,88
58 * 30,1740
96 * 56,5376
77 / 23,3.35
93 + 57,150
36 / 23,1.57
55 / 94,0.59
98 - 40,58
36 + 22,58
61 * 18,1098
88 + 44,132
59 - 35,24
60 / 52,1.15
63 - 78,-15
32 + 93,125
48 + 86,134
56 - 9,47
79 + 38,117
26 + 82,108
58 / 1,58.0
65 - 34,31
79 * 28,2212
37 * 49,1813
49 - 21,28
80 / 5,16.0
61 * 46,2806
63 * 34,2142
55 - 69,-14
25 - 93,-68
40 / 71,0.56
3 - 8,-5
49 + 18,67
94 / 2,47.0
6 / 66,0.09
26 + 74,100
37 * 1,37
43 / 32,1.34
61 + 55,116
6 + 9,15
37 / 58,0.64
34 + 45,79
97 / 95,1.02
44 - 91,-47
88 / 75,1.17
63 + 22,85
82 - 38,44
32 - 12,20
95 / 72,1.32
42 * 17,714
86 + 29,115
37 - 12,25
85 / 61,1.39
95 * 98,9310
57 * 68,3876
24 / 93,0.26
21 / 60,0.35
1 * 40,40
2 + 50,52
73 / 72,1.01
8 + 99,107
3 + 72,75
59 * 53,3127
88 * 79,6952
32 / 67,0.48
59 + 84,143
90 / 32,2.81
99 + 45,144
48 + 56,104
8 * 12,96
32 - 32,0
55 * 18,990
69 - 59,10
78 / 20,3.9
87 / 23,3.78
74 - 3,71
93 + 11,104
19 * 50,950
36 - 63,-27
17 / 20,0.85
68 / 69,0.99
56 + 9,65
81 / 11,7.36
73 * 10,730
82 / 97,0.85
90 / 90,1.0
24 / 31,0.77
29 - 95,-66
31 * 3,93
3 - 31,-28
86 * 17,1462
78 + 70,148
1 / 19,0.05
56 + 61,117
28 - 25,3
36 + 36,72
9 / 89,0.1
68 / 55,1.24
41 * 48,1968
71 * 89,6319
18 / 46,0.39
61 + 82,143
15 / 74,0.2
9 * 75,675
18 - 51,-33
32 - 3,29
5 / 6,0.83
20 + 32,52
93 + 4,97
89 - 17,72
28 + 3,31
7 * 73,511
39 * 16,624
22 / 35,0.63
49 - 7,42
73 * 6,438
49 - 79,-30
78 * 46,3588
40 + 69,109
46 / 74,0.62
98 + 39,137
27 + 70,97
18 / 99,0.18
83 / 4,20.75
14 - 50,-36
91 * 83,7553
46 / 1,46.0
87 * 92,8004
95 / 23,4.13
38 - 99,-61
90 / 93,0.97
46 + 90,136
93 / 52,1.79
36 - 55,-19
73 + 78,151
6 + 52,58
35 - 31,4
75 / 60,1.25
76 - 22,54
36 * 87,3132
40 / 83,0.48
14 - 11,3
23 - 49,-26
73 - 64,9
34 - 38,-4
94 * 56,5264
40 + 15,55
45 / 65,0.69
46 - 79,-33
5 - 28,-23
65 / 13,5.0
10 / 63,0.16
44 + 45,89
41 + 2,43
76 * 72,5472
4 - 87,-83
96 - 90,6
90 + 30,120
36 + 15,51
11 + 3,14
51 + 61,112
56 / 30,1.87
61 - 2,59
62 - 79,-17
81 / 95,0.85
85 - 40,45
7 * 71,497
28 * 5,140
40 - 53,-13
17 + 32,49
57 * 49,2793
71 + 9,80
65 * 21,1365
87 / 37,2.35
58 - 81,-23
95 * 70,6650
86 / 19,4.53
80 * 82,6560
39 + 26,65
70 + 52,122
66 / 2,33.0
61 - 35,26
95 / 86,1.1
8 + 25,33
63 - 25,38
86 + 58,144
91 * 75,6825
16 + 14,30
63 + 72,135
76 * 57,4332
16 - 89,-73
22 / 43,0.51
96 * 40,3840
89 / 9,9.89
77 / 44,1.75
35 + 44,79
55 + 68,123
37 / 49,0.76
70 - 70,0
48 * 48,2304
72 / 83,0.87
90 - 18,72
47 + 50,97
59 + 20,79
56 + 62,118
30 * 23,690
15 * 50,750
93 + 19,112
74 + 6,80
84 - 65,19
5 + 83,88
4 / 88,0.05
66 * 17,1122
87 + 98,185
42 / 36,1.17
47 / 40,1.18
61 - 3,58
27 - 62,-35
90 - 94,-4
25 + 81,106
87 / 31,2.81
24 + 20,44
35 + 2,37
27 + 94,121
39 - 16,23
90 - 19,71
66 + 66,132
96 - 33,63
1 - 83,-82
93 + 62,155
88 / 49,1.8
59 / 65,0.91
74 + 19,93
15 + 6,21
97 - 63,34
84 * 67,5628
21 * 67,1407
57 + 70,127
57 - 27,30
70 * 94,6580
58 / 63,0.92
33 * 62,2046
75 + 89,164
6 - 76,-70
52 / 12,4.33
76 / 66,1.15
8 / 29,0.28
54 / 38,1.42
71 + 54,125
40 * 24,960
9 - 7,2
72 + 41,113
29 + 22,51
89 - 99,-10
16 / 94,0.17
89 + 13,102
36 + 31,67
23 * 20,460
75 - 86,-11
54 - 39,15
16 + 56,72
32 / 93,0.34
17 - 68,-51
42 * 26,1092
38 - 7,31
90 - 61,29
48 * 28,1344
30 + 83,113
4 + 92,96
83 / 12,6.92
65 / 84,0.77
71 / 48,1.48
50 / 99,0.51
5 + 84,89
66 * 92,6072
77 * 46,3542
27 * 32,864
80 - 18,62
74 - 42,32
63 - 5,58
40 / 37,1.08
6 - 46,-40
13 - 29,-16
26 - 92,-66
43 + 26,69
38 / 7,5.43
39 - 12,27
59 / 57,1.04
39 - 93,-54
99 + 56,155
35 / 93,0.38
93 / 86,1.08
28 + 53,81
12 * 2,24
24 - 56,-32
68 / 64,1.06
78 / 31,2.52
46 - 92,-46
14 + 72,86
91 + 77,168
59 / 37,1.59
10 - 63,-53
2 / 83,0.02
15 / 49,0.31
35 + 59,94
92 * 18,1656
11 / 47,0.23
36 / 75,0.48
63 + 14,77
46 - 21,25
28 * 29,812
90 * 87,7830
40 + 47,87
51 + 89,140
35 + 22,57
24 * 13,312
51 * 79,4029
55 - 48,7
18 * 39,702
32 - 70,-38
31 * 67,2077
35 + 34,69
70 / 16,4.38
85 + 84,169
94 / 77,1.22
56 - 81,-25
42 - 70,-28
54 * 27,1458
29 / 24,1.21
48 / 69,0.7
30 + 14,44
29 - 31,-2
60 * 75,4500
96 + 45,141
74 / 78,0.95
89 * 65,5785
25 + 74,99
77 * 86,6622
72 - 9,63
93 / 87,1.07
8 / 36,0.22
21 / 86,0.24
89 / 68,1.31
84 / 41,2.05
34 + 96,130
84 * 94,7896
57 - 88,-31
6 + 82,88
86 * 73,6278
19 / 36,0.53
53 - 87,-34
24 - 66,-42
6 - 37,-31
85 - 28,57
13 / 10,1.3
51 + 46,97
92 + 87,179
65 * 14,910
28 / 12,2.33
92 - 84,8
56 / 86,0.65
88 * 9,792
54 - 65,-11
76 - 79,-3
24 + 14,38
58 - 21,37
6 + 89,95
41 * 40,1640
74 * 47,3478
99 * 49,4851
54 + 55,109
22 * 62,1364
96 * 74,7104
48 - 61,-13
13 + 84,97
81 * 12,972
37 + 45,82
16 * 35,560
75 * 32,2400
5 * 18,90
32 * 5,160
23 - 34,-11
92 - 28,64
93 * 85,7905
45 + 24,69
23 + 98,121
33 - 99,-66
91 - 10,81
18 * 64,1152
13 - 54,-41
49 / 43,1.14
58 * 4,232
27 + 95,122
22 / 43,0.51
96 - 78,18
94 * 68,6392
92 - 67,25
30 + 90,120
9 / 93,0.1
7 + 89,96
18 - 95,-77
68 / 4,17.0
54 / 57,0.95
56 / 72,0.78
71 - 85,-14
49 + 18,67
72 * 89,6408
52 - 9,43
82 / 7,11.71
77 - 13,64
15 + 5,20
88 * 51,4488
96 * 93,8928
69 - 86,-17
11 + 61,72
50 * 86,4300
83 * 52,4316
76 / 72,1.06
30 / 37,0.81
43 - 22,21
8 - 52,-44
80 / 98,0.82
31 / 99,0.31
40 / 45,0.89
73 * 67,4891
56 * 87,4872
93 - 18,75
11 * 86,946
21 / 6,3.5
24 - 19,5
99 / 65,1.52
55 + 20,75
92 * 70,6440
42 + 87,129
92 / 85,1.08
26 + 36,62
52 / 13,4.0
12 * 43,516
92 - 56,36
80 * 71,5680
38 / 33,1.15
47 / 61,0.77
32 * 1,32
72 + 56,128
33 + 86,119
97 / 67,1.45
88 / 86,1.02
67 * 84,5628
9 * 18,162
53 / 20,2.65
25 * 92,2300
8 + 94,102
69 - 65,4
66 - 90,-24
53 + 25,78
18 / 5,3.6
24 * 62,1488
9 * 85,765
29 * 77,2233
96 - 35,61
3 / 64,0.05
3 * 25,75
60 / 17,3.53
80 * 17,1360
98 + 72,170
42 * 26,1092
14 + 24,38
98 + 46,144
52 + 3,55
14 + 22,36
39 / 82,0.48
32 - 29,3
17 / 48,0.35
86 / 55,1.56
71 * 27,1917
91 / 98,0.93
5 / 32,0.16
42 * 50,2100
3 * 98,294
58 + 35,93
43 + 80,123
3 - 74,-71
14 - 80,-66
4 / 94,0.04
98 - 43,55
93 * 53,4929
51 / 67,0.76
9 / 97,0.09
4 + 43,47
10 - 91,-81
41 - 97,-56
51 / 16,3.19
16 * 83,1328
62 + 63,125
92 - 22,70
52 - 80,-28
21 + 65,86
35 - 1,34
49 - 87,-38
20 / 29,0.69
70 + 45,115
12 + 71,83
35 / 40,0.88
99 / 36,2.75
41 / 35,1.17
40 / 56,0.71
50 - 70,-20
50 / 58,0.86
31 + 95,126
92 * 71,6532
89 / 88,1.01
54 + 93,147
19 + 26,45
51 / 56,0.91
82 * 93,7626
12 * 54,648
29 / 33,0.88
22 / 39,0.56
23 - 72,-49
21 - 28,-7
79 + 39,118
65 / 11,5.91
16 + 26,42
60 * 32,1920
42 + 37,79
67 * 87,5829
54 * 38,2052
10 + 51,61
11 - 83,-72
61 - 55,6
1 + 92,93
4 + 93,97
1 / 8,0.12
64 - 84,-20
73 * 70,5110
8 + 28,36
14 - 19,-5
64 - 26,38
34 / 96,0.35
51 + 27,78
74 * 25,1850
61 + 23,84
41 - 88,-47
5 * 59,295
86 * 66,5676
18 - 72,-54
11 / 60,0.18
84 * 63,5292
31 - 54,-23
81 + 95,176
89 * 47,4183
48 * 49,2352
59 / 59,1.0
23 / 60,0.38
43 * 86,3698
3 * 87,261
16 / 96,0.17
45 * 11,495
24 - 11,13
71 / 31,2.29
13 - 26,-13
13 - 76,-63
24 - 48,-24
6 + 81,87
63 / 71,0.89
90 - 98,-8
9 / 76,0.12
41 - 1,40
45 - 92,-47
79 * 99,7821
97 - 75,22
10 + 54,64
29 - 11,18
93 + 14,107
16 - 37,-21
96 + 87,183
58 * 23,1334
77 * 75,5775
11 + 89,100
51 - 8,43
67 / 9,7.44
17 - 9,8
96 / 49,1.96
33 * 26,858
20 + 64,84
30 + 97,127
89 * 1,89
50 * 15,750
21 - 84,-63
29 + 15,44
46 + 43,89
38 / 21,1.81
97 / 66,1.47
45 * 52,2340
3 / 9,0.33
8 + 3,11
6 - 52,-46
31 / 33,0.94
90 * 69,6210
47 - 22,25
20 - 6,14
70 * 53,3710
31 - 63,-32
40 - 99,-59
33 * 74,2442
85 / 16,5.31
12 / 84,0.14
8 - 24,-16
38 / 44,0.86
57 + 1,58
74 - 5,69
3 / 99,0.03
60 * 69,4140
60 / 21,2.86
21 / 35,0.6
39 / 79,0.49
93 - 48,45
85 + 73,158
55 + 30,85
64 / 70,0.91
62 / 81,0.77
21 / 80,0.26
46 + 67,113
32 + 51,83
32 - 28,4
89 - 74,15
70 - 63,7
77 + 66,143
13 * 14,182
5 + 34,39
33 - 61,-28
70 + 69,139
33 - 23,10
21 - 35,-14
41 * 72,2952
66 / 24,2.75
10 * 67,670
70 * 22,1540
52 + 30,82
78 * 52,4056
53 * 55,2915
13 - 45,-32
48 * 1,48
8 * 54,432
3 * 91,273
36 / 51,0.71
45 * 91,4095
88 + 27,115
71 * 80,5680
70 + 96,166
89 + 23,112
85 + 44,129
40 / 65,0.62
48 / 35,1.37
2 - 26,-24
48 - 16,32
71 + 27,98
59 / 47,1.26
13 - 82,-69
27 + 66,93
85 * 59,5015
1 * 2,2
31 - 67,-36
19 + 65,84
45 - 48,-3
69 - 86,-17
42 - 38,4
79 - 55,24
70 / 16,4.38
52 / 77,0.68
76 + 89,165
12 / 83,0.14
69 - 67,2
35 * 84,2940
13 + 88,101
58 * 85,4930
83 - 39,44
18 / 9,2.0
27 / 75,0.36
13 / 44,0.3
74 * 11,814
69 * 51,3519
89 + 52,141
39 / 23,1.7
65 * 64,4160
13 * 49,637
53 / 81,0.65
74 * 50,3700
11 - 33,-22
33 - 86,-53
74 / 38,1.95
19 * 43,817
58 / 45,1.29
57 - 33,24
59 / 44,1.34
46 * 54,2484
65 * 76,4940
29 * 71,2059
78 + 85,163
35 / 55,0.64
56 * 47,2632
16 - 34,-18
74 * 28,2072
94 + 44,138
90 - 20,70
5 / 84,0.06
73 / 61,1.2
41 / 43,0.95
50 + 5,55
3 * 1,3
27 - 27,0
84 + 80,164
68 + 8,76
52 - 91,-39
22 / 35,0.63
90 + 18,108
1 * 11,11
12 - 75,-63
35 * 49,1715
20 + 77,97
90 * 31,2790
60 - 21,39
71 - 90,-19
82 / 62,1.32
81 + 6,87
63 / 49,1.29
11 * 68,748
93 + 69,162
50 + 27,77
79 - 84,-5
50 - 14,36
45 - 9,36
27 - 55,-28
21 - 79,-58
52 * 5,260
5 - 80,-75
6 * 27,162
59 / 95,0.62
50 / 57,0.88
68 - 68,0
74 * 59,4366
32 - 4,28
76 * 1,76
87 * 78,6786
62 - 81,-19
55 - 76,-21
9 + 71,80
4 / 90,0.04
15 / 98,0.15
18 / 26,0.69
33 * 66,2178
9 - 43,-34
8 - 16,-8
77 * 32,2464
43 * 33,1419
15 / 66,0.23
21 + 51,72
45 * 76,3420
7 - 41,-34
47 * 9,423
88 - 15,73
85 * 42,3570
38 / 11,3.45
44 * 2,88
61 * 32,1952
98 * 28,2744
89 + 30,119
67 * 65,4355
5 - 14,-9
31 * 83,2573
11 + 2,13
78 * 78,6084
71 * 5,355
29 * 64,1856
15 * 20,300
20 - 77,-57
27 / 82,0.33
53 - 65,-12
80 * 49,3920
39 * 73,2847
67 - 35,32
56 / 34,1.65
20 - 40,-20
86 * 62,5332
30 - 24,6
32 + 88,120
14 * 42,588
44 - 36,8
77 * 95,7315
23 + 73,96
96 / 48,2.0
9 + 74,83
25 + 33,58
30 * 89,2670
68 * 99,6732
59 - 26,33
38 + 88,126
34 - 60,-26
95 + 9,104
81 - 26,55
27 + 24,51
82 / 74,1.11
96 * 61,5856
58 + 73,131
46 + 97,143
9 - 54,-45
70 - 19,51
35 / 19,1.84
67 / 53,1.26
30 + 1,31
92 + 71,163
94 / 53,1.77
64 - 74,-10
22 / 64,0.34
40 - 70,-30
3 / 45,0.07
59 * 98,5782
66 * 42,2772
73 / 50,1.46
57 + 8,65
52 + 62,114
84 - 53,31
35 - 55,-20
3 * 19,57
47 / 78,0.6
63 - 33,30
59 / 23,2.57
98 * 3,294
65 + 53,118
58 + 36,94
56 / 41,1.37
31 - 35,-4
29 / 20,1.45
75 * 23,1725
27 / 30,0.9
76 + 58,134
38 - 33,5
44 - 14,30
92 - 43,49
26 - 61,-35
34 + 59,93
7 / 88,0.08
2 + 53,55
76 + 36,112
45 - 81,-36
26 - 3,23
38 / 61,0.62
60 - 34,26
31 - 4,27
23 + 33,56
28 - 80,-52
10 / 67,0.15
65 / 29,2.24
77 / 39,1.97
33 + 25,58
66 * 19,1254
68 + 60,128
95 / 83,1.14
30 + 54,84
45 * 20,900
10 + 26,36
10 / 12,0.83
18 * 35,630
75 * 30,2250
75 / 99,0.76
43 - 47,-4
48 + 66,114
75 / 99,0.76
1 - 56,-55
72 - 4,68
95 / 50,1.9
18 / 71,0.25
72 * 33,2376
93 * 51,4743
77 * 22,1694
73 + 19,92
32 - 48,-16
11 * 25,275
71 * 44,3124
83 * 15,1245
3 + 12,15
89 + 61,150
87 + 39,126
18 * 90,1620
43 + 92,135
28 * 67,1876
61 + 93,154
86 + 39,125
60 * 69,4140
48 / 83,0.58
74 + 79,153
6 + 38,44
87 / 96,0.91
18 + 22,40
37 - 91,-54
64 + 62,126
86 + 78,164
36 + 69,105
95 + 93,188
30 * 82,2460
21 - 7,14
92 / 41,2.24
49 / 8,6.12
6 * 74,444
23 - 75,-52
62 + 91,153
99 / 53,1.87
68 - 50,18
55 + 56,111
53 + 90,143
47 - 67,-20
20 + 39,59
31 + 6,37
83 + 42,125
94 / 87,1.08
72 * 24,1728
3 / 2,1.5
62 / 82,0.76
16 / 21,0.76
16 * 5,80
99 / 24,4.12
66 + 39,105
21 + 73,94
52 + 8,60
42 - 87,-45
55 - 66,-11
53 / 68,0.78
2 + 49,51
76 - 58,18
41 * 58,2378
9 + 36,45
40 / 60,0.67
99 / 89,1.11
67 + 63,130
63 + 69,132
83 / 63,1.32
83 * 22,1826
25 * 91,2275
61 - 92,-31
70 * 7,490
95 - 15,80
15 - 21,-6
35 + 67,102
78 * 94,7332
44 - 95,-51
59 / 36,1.64
75 / 98,0.77
82 + 29,111
17 * 70,1190
2 + 79,81
32 / 68,0.47
42 * 57,2394
62 * 84,5208
77 / 59,1.31
91 + 68,159
58 / 92,0.63
99 + 4,103
37 + 69,106
93 * 2,186
3 * 7,21
88 * 55,4840
29 - 79,-50
56 - 24,32
68 + 96,164
61 + 97,158
73 * 34,2482
93 / 42,2.21
96 + 74,170
28 * 12,336
3 + 88,91
73 - 30,43
31 / 75,0.41
17 + 35,52
11 - 88,-77
42 / 89,0.47
55 - 86,-31
59 - 37,22
71 + 72,143
34 / 71,0.48
52 * 66,3432
42 * 11,462
14 + 41,55
21 - 86,-65
30 - 48,-18
48 - 62,-14
40 / 48,0.83
45 + 13,58
42 / 81,0.52
70 + 39,109
9 + 21,30
18 - 20,-2
84 + 61,145
48 - 60,-12
85 - 84,1
42 + 22,64
11 - 17,-6
90 / 24,3.75
10 * 78,780
88 / 18,4.89
17 + 94,111
87 - 55,32
83 / 14,5.93
97 - 98,-1
11 / 40,0.28
28 * 49,1372
1 / 62,0.02
85 + 91,176
71 / 81,0.88
93 + 31,124
63 + 74,137
70 / 17,4.12
53 + 96,149
50 + 87,137
8 - 37,-29
16 + 97,113
76 * 16,1216
38 + 24,62
90 * 77,6930
89 + 95,184
64 + 64,128
84 / 38,2.21
25 - 41,-16
88 * 53,4664
62 * 17,1054
22 * 98,2156
80 * 66,5280
62 - 82,-20
30 + 30,60
2 * 30,60
9 / 75,0.12
86 - 92,-6
81 * 2,162
5 + 32,37
91 / 42,2.17
47 / 95,0.49
60 * 65,3900
27 / 39,0.69
50 + 35,85
19 * 57,1083
48 - 98,-50
54 / 61,0.89
27 - 54,-27
82 - 2,80
27 + 97,124
88 * 47,4136
70 - 7,63
62 * 29,1798
44 + 35,79
53 + 94,147
67 * 33,2211
14 * 57,798
42 * 79,3318
90 - 65,25
86 + 59,145
23 - 1,22
28 - 47,-19
22 / 95,0.23
49 * 42,2058
42 - 45,-3
7 - 60,-53
38 + 47,85
6 / 30,0.2
17 / 16,1.06
92 / 41,2.24
29 + 26,55
51 + 18,69
67 + 25,92
76 + 83,159
77 - 8,69
48 + 28,76
82 - 69,13
12 * 90,1080
1 / 7,0.14
8 - 83,-75
24 * 9,216
5 + 15,20
50 / 71,0.7
85 - 78,7
57 / 43,1.33
24 - 78,-54
21 * 96,2016
35 - 33,2
11 * 12,132
52 * 43,2236
34 + 41,75
49 / 82,0.6
27 + 90,117
25 - 42,-17
22 + 66,88
94 * 38,3572
68 * 41,2788
30 + 65,95
55 + 72,127
1 + 60,61
52 / 91,0.57
42 - 37,5
29 + 33,62
65 * 92,5980
15 / 17,0.88
28 - 36,-8
5 + 53,58
22 + 40,62
70 * 18,1260
52 - 82,-30
32 / 42,0.76
65 / 60,1.08
3 / 4,0.75
18 - 73,-55
42 + 30,72
51 + 33,84
34 - 36,-2
6 + 88,94
80 + 17,97
99 / 35,2.83
50 - 6,44
53 / 12,4.42
37 * 27,999
5 / 40,0.12
64 - 91,-27
99 * 20,1980
22 / 68,0.32
8 + 2,10
53 / 93,0.57
31 / 11,2.82
75 / 42,1.79
85 * 1,85
92 * 12,1104
49 - 82,-33
63 - 77,-14
63 / 88,0.72
36 + 68,104
7 / 98,0.07
91 / 55,1.65
32 * 71,2272
20 / 97,0.21
41 / 59,0.69
38 - 5,33
56 * 12,672
39 * 58,2262
72 - 33,39
17 + 51,68
78 * 61,4758
64 / 22,2.91
52 + 38,90
82 * 11,902
95 * 92,8740
48 / 83,0.58
33 - 69,-36
95 / 36,2.64
